id,stableford_score,sandy,golf_round_id,hole_id,player_id,handicap_id,strokes,match_play_result,team
1,0,0,1,19,1,4,7,,
2,1,0,1,20,1,4,4,,
3,2,0,1,21,1,4,5,,
4,2,0,1,22,1,4,6,,
5,2,0,1,23,1,4,5,,
6,1,0,1,24,1,4,7,,
7,2,0,1,25,1,4,4,,
8,2,0,1,26,1,4,5,,
9,1,0,1,27,1,4,6,,
10,1,0,1,28,1,4,6,,
11,2,0,1,29,1,4,4,,
12,0,0,1,30,1,4,7,,
13,3,0,1,31,1,4,5,,
14,2,0,1,32,1,4,5,,
15,2,0,1,33,1,4,5,,
16,2,0,1,34,1,4,3,,
17,2,0,1,35,1,4,5,,
18,1,0,1,36,1,4,7,,
19,1,0,2,37,1,4,7,,
20,2,0,2,38,1,4,5,,
21,1,0,2,39,1,4,5,,
22,2,0,2,40,1,4,5,,
23,0,0,2,41,1,4,7,,
24,0,0,2,42,1,4,6,,
25,2,0,2,43,1,4,5,,
26,2,0,2,44,1,4,5,,
27,3,0,2,45,1,4,4,,
28,0,0,2,46,1,4,7,,
29,0,0,2,47,1,4,8,,
30,1,0,2,48,1,4,6,,
31,1,0,2,49,1,4,4,,
32,1,0,2,50,1,4,6,,
33,2,0,2,51,1,4,5,,
34,0,0,2,52,1,4,8,,
35,3,0,2,53,1,4,3,,
36,0,0,2,54,1,4,7,,
37,1,0,3,37,1,4,7,,
38,1,0,3,38,1,4,6,,
39,1,0,3,39,1,4,5,,
40,2,0,3,40,1,4,5,,
41,2,0,3,41,1,4,5,,
42,2,0,3,42,1,4,4,,
43,2,0,3,43,1,4,5,,
44,2,0,3,44,1,4,5,,
45,3,0,3,45,1,4,4,,
46,0,0,3,46,1,4,7,,
47,2,0,3,47,1,4,6,,
48,0,0,3,48,1,4,7,,
49,2,0,3,49,1,4,3,,
50,0,0,3,50,1,4,7,,
51,0,0,3,51,1,4,7,,
52,0,0,3,52,1,4,8,,
53,2,0,3,53,1,4,4,,
54,0,0,3,54,1,4,7,,
55,0,0,4,55,1,4,8,,
56,0,0,4,56,1,4,7,,
57,1,0,4,57,1,4,5,,
58,2,0,4,58,1,4,5,,
59,0,0,4,59,1,4,8,,
60,2,0,4,60,1,4,4,,
61,0,0,4,61,1,4,7,,
62,2,0,4,62,1,4,5,,
63,2,0,4,63,1,4,5,,
64,2,0,4,64,1,4,5,,
65,1,0,4,65,1,4,7,,
66,2,0,4,66,1,4,5,,
67,1,0,4,67,1,4,4,,
68,2,0,4,68,1,4,5,,
69,0,0,4,69,1,4,7,,
70,0,0,4,70,1,4,8,,
71,0,0,4,71,1,4,5,,
72,0,0,4,72,1,4,7,,
73,0,0,5,19,1,4,7,,
74,2,0,5,20,1,4,3,,
75,2,0,5,21,1,4,5,,
76,2,0,5,22,1,4,6,,
77,1,0,5,23,1,4,6,,
78,3,0,5,24,1,4,5,,
79,2,0,5,25,1,4,4,,
80,2,0,5,26,1,4,5,,
81,1,0,5,27,1,4,6,,
82,1,0,5,28,1,4,6,,
83,1,0,5,29,1,4,5,,
84,1,0,5,30,1,4,6,,
85,0,0,5,31,1,4,8,,
86,0,0,5,32,1,4,7,,
87,2,0,5,33,1,4,5,,
88,0,0,5,34,1,4,5,,
89,2,0,5,35,1,4,5,,
90,2,0,5,36,1,4,6,,
91,1,0,1,19,2,1,6,,
92,2,0,1,20,2,1,3,,
93,2,0,1,21,2,1,4,,
94,3,0,1,22,2,1,5,,
95,0,0,1,23,2,1,7,,
96,2,0,1,24,2,1,6,,
97,2,0,1,25,2,1,3,,
98,2,0,1,26,2,1,5,,
99,2,0,1,27,2,1,4,,
100,2,0,1,28,2,1,5,,
101,2,0,1,29,2,1,3,,
102,3,0,1,30,2,1,4,,
103,3,0,1,31,2,1,5,,
104,0,0,1,32,2,1,6,,
105,1,0,1,33,2,1,5,,
106,4,0,1,34,2,1,2,,
107,3,0,1,35,2,1,4,,
108,3,0,1,36,2,1,4,,
109,1,0,2,37,2,1,6,,
110,3,0,2,38,2,1,4,,
111,2,0,2,39,2,1,3,,
112,0,0,2,40,2,1,7,,
113,1,0,2,41,2,1,6,,
114,2,0,2,42,2,1,3,,
115,3,0,2,43,2,1,4,,
116,3,0,2,44,2,1,4,,
117,1,0,2,45,2,1,5,,
118,2,0,2,46,2,1,5,,
119,2,0,2,47,2,1,5,,
120,2,0,2,48,2,1,5,,
121,2,0,2,49,2,1,3,,
122,3,0,2,50,2,1,4,,
123,3,0,2,51,2,1,4,,
124,2,0,2,52,2,1,5,,
125,1,0,2,53,2,1,4,,
126,1,0,2,54,2,1,5,,
127,1,0,3,37,2,1,6,,
128,3,0,3,38,2,1,4,,
129,2,0,3,39,2,1,3,,
130,3,0,3,40,2,1,4,,
131,2,0,3,41,2,1,5,,
132,2,0,3,42,2,1,3,,
133,3,0,3,43,2,1,4,,
134,0,0,3,44,2,1,7,,
135,2,0,3,45,2,1,4,,
136,2,0,3,46,2,1,5,,
137,2,0,3,47,2,1,5,,
138,3,0,3,48,2,1,4,,
139,2,0,3,49,2,1,3,,
140,1,0,3,50,2,1,6,,
141,2,0,3,51,2,1,5,,
142,0,0,3,52,2,1,7,,
143,2,0,3,53,2,1,3,,
144,2,0,3,54,2,1,4,,
145,2,0,4,55,2,1,5,,
146,2,0,4,56,2,1,5,,
147,1,0,4,57,2,1,4,,
148,3,0,4,58,2,1,4,,
149,3,0,4,59,2,1,4,,
150,2,0,4,60,2,1,3,,
151,3,0,4,61,2,1,4,,
152,3,0,4,62,2,1,4,,
153,1,0,4,63,2,1,5,,
154,3,0,4,64,2,1,4,,
155,1,0,4,65,2,1,6,,
156,4,0,4,66,2,1,3,,
157,2,0,4,67,2,1,3,,
158,1,0,4,68,2,1,6,,
159,1,0,4,69,2,1,6,,
160,2,0,4,70,2,1,5,,
161,2,0,4,71,2,1,3,,
162,1,0,4,72,2,1,5,,
163,2,0,5,19,2,1,5,,
164,2,0,5,20,2,1,3,,
165,3,0,5,21,2,1,3,,
166,3,0,5,22,2,1,5,,
167,1,0,5,23,2,1,5,,
168,2,0,5,24,2,1,6,,
169,1,0,5,25,2,1,4,,
170,3,0,5,26,2,1,4,,
171,1,0,5,27,2,1,5,,
172,1,0,5,28,2,1,6,,
173,2,0,5,29,2,1,3,,
174,1,0,5,30,2,1,6,,
175,0,0,5,31,2,1,8,,
176,1,0,5,32,2,1,5,,
177,2,0,5,33,2,1,4,,
178,2,0,5,34,2,1,3,,
179,0,0,5,35,2,1,7,,
180,1,0,5,36,2,1,6,,
181,0,0,1,19,3,3,8,,
182,2,0,1,20,3,3,4,,
183,1,0,1,21,3,3,6,,
184,0,0,1,22,3,3,10,,
185,0,0,1,23,3,3,7,,
186,2,0,1,24,3,3,7,,
187,3,0,1,25,3,3,3,,
188,2,0,1,26,3,3,6,,
189,2,0,1,27,3,3,5,,
190,1,0,1,28,3,3,6,,
191,4,0,1,29,3,3,2,,
192,1,0,1,30,3,3,7,,
193,2,0,1,31,3,3,7,,
194,2,0,1,32,3,3,5,,
195,1,0,1,33,3,3,6,,
196,3,0,1,34,3,3,3,,
197,1,0,1,35,3,3,7,,
198,0,0,1,36,3,3,8,,
199,0,0,2,37,3,3,8,,
200,1,0,2,38,3,3,7,,
201,0,0,2,39,3,3,7,,
202,0,0,2,40,3,3,8,,
203,1,0,2,41,3,3,7,,
204,2,0,2,42,3,3,4,,
205,1,0,2,43,3,3,7,,
206,0,0,2,44,3,3,9,,
207,0,0,2,45,3,3,7,,
208,3,0,2,46,3,3,5,,
209,3,0,2,47,3,3,5,,
210,0,0,2,48,3,3,8,,
211,2,0,2,49,3,3,4,,
212,4,0,2,50,3,3,4,,
213,2,0,2,51,3,3,6,,
214,0,0,2,52,3,3,8,,
215,2,0,2,53,3,3,4,,
216,1,0,2,54,3,3,6,,
217,0,0,3,37,3,3,8,,
218,1,0,3,38,3,3,7,,
219,3,0,3,39,3,3,3,,
220,2,0,3,40,3,3,6,,
221,2,0,3,41,3,3,6,,
222,3,0,3,42,3,3,3,,
223,2,0,3,43,3,3,6,,
224,3,0,3,44,3,3,5,,
225,2,0,3,45,3,3,5,,
226,2,0,3,46,3,3,6,,
227,1,0,3,47,3,3,7,,
228,0,0,3,48,3,3,7,,
229,3,0,3,49,3,3,3,,
230,4,0,3,50,3,3,4,,
231,1,0,3,51,3,3,7,,
232,3,0,3,52,3,3,5,,
233,2,0,3,53,3,3,4,,
234,1,0,3,54,3,3,6,,
235,0,0,4,55,3,3,8,,
236,3,0,4,56,3,3,4,,
237,0,0,4,57,3,3,6,,
238,3,0,4,58,3,3,5,,
239,0,0,4,59,3,3,8,,
240,1,0,4,60,3,3,5,,
241,1,0,4,61,3,3,7,,
242,1,0,4,62,3,3,7,,
243,0,0,4,63,3,3,7,,
244,1,0,4,64,3,3,7,,
245,3,0,4,65,3,3,5,,
246,3,0,4,66,3,3,4,,
247,0,0,4,67,3,3,6,,
248,2,0,4,68,3,3,6,,
249,3,0,4,69,3,3,5,,
250,0,0,4,70,3,3,8,,
251,1,0,4,71,3,3,5,,
252,1,0,4,72,3,3,6,,
253,1,0,5,19,3,3,7,,
254,0,0,5,20,3,3,6,,
255,2,0,5,21,3,3,5,,
256,1,0,5,22,3,3,8,,
257,1,0,5,23,3,3,6,,
258,5,0,5,24,3,3,4,,
259,3,0,5,25,3,3,3,,
260,4,0,5,26,3,3,4,,
261,3,0,5,27,3,3,4,,
262,2,0,5,28,3,3,5,,
263,2,0,5,29,3,3,4,,
264,1,0,5,30,3,3,7,,
265,2,0,5,31,3,3,7,,
266,0,0,5,32,3,3,7,,
267,0,0,5,33,3,3,7,,
268,2,0,5,34,3,3,4,,
269,4,0,5,35,3,3,4,,
270,0,0,5,36,3,3,9,,
271,2,0,1,19,4,2,5,,
272,2,0,1,20,4,2,4,,
273,2,0,1,21,4,2,5,,
274,0,0,1,22,4,2,9,,
275,2,0,1,23,4,2,5,,
276,3,0,1,24,4,2,5,,
277,2,0,1,25,4,2,4,,
278,0,0,1,26,4,2,7,,
279,0,0,1,27,4,2,7,,
280,1,0,1,28,4,2,6,,
281,4,0,1,29,4,2,2,,
282,0,0,1,30,4,2,7,,
283,0,0,1,31,4,2,8,,
284,0,0,1,32,4,2,7,,
285,3,0,1,33,4,2,4,,
286,3,0,1,34,4,2,3,,
287,0,0,1,35,4,2,7,,
288,4,0,1,36,4,2,4,,
289,0,0,2,37,4,2,8,,
290,2,0,2,38,4,2,5,,
291,2,0,2,39,4,2,4,,
292,1,0,2,40,4,2,6,,
293,2,0,2,41,4,2,6,,
294,2,0,2,42,4,2,4,,
295,2,0,2,43,4,2,5,,
296,2,0,2,44,4,2,5,,
297,2,0,2,45,4,2,5,,
298,0,0,2,46,4,2,7,,
299,1,0,2,47,4,2,7,,
300,1,0,2,48,4,2,6,,
301,2,0,2,49,4,2,4,,
302,2,0,2,50,4,2,5,,
303,0,0,2,51,4,2,8,,
304,4,0,2,52,4,2,4,,
305,2,0,2,53,4,2,4,,
306,2,0,2,54,4,2,5,,
307,0,0,3,37,4,2,8,,
308,1,0,3,38,4,2,6,,
309,2,0,3,39,4,2,4,,
310,3,0,3,40,4,2,4,,
311,3,0,3,41,4,2,5,,
312,1,0,3,42,4,2,5,,
313,2,0,3,43,4,2,5,,
314,2,0,3,44,4,2,5,,
315,1,0,3,45,4,2,6,,
316,3,0,3,46,4,2,4,,
317,2,0,3,47,4,2,6,,
318,1,0,3,48,4,2,6,,
319,4,0,3,49,4,2,2,,
320,3,0,3,50,4,2,4,,
321,0,0,3,51,4,2,7,,
322,0,0,3,52,4,2,8,,
323,4,0,3,53,4,2,2,,
324,0,0,3,54,4,2,7,,
325,1,0,4,55,4,2,7,,
326,3,0,4,56,4,2,4,,
327,3,0,4,57,4,2,3,,
328,0,0,4,58,4,2,7,,
329,0,0,4,59,4,2,8,,
330,1,0,4,60,4,2,5,,
331,3,0,4,61,4,2,4,,
332,1,0,4,62,4,2,6,,
333,1,0,4,63,4,2,6,,
334,3,0,4,64,4,2,4,,
335,3,0,4,65,4,2,5,,
336,0,0,4,66,4,2,7,,
337,1,0,4,67,4,2,4,,
338,2,0,4,68,4,2,5,,
339,1,0,4,69,4,2,6,,
340,2,0,4,70,4,2,6,,
341,2,0,4,71,4,2,4,,
342,0,0,4,72,4,2,7,,
343,2,0,5,19,4,2,5,,
344,2,0,5,20,4,2,4,,
345,1,0,5,21,4,2,6,,
346,2,0,5,22,4,2,6,,
347,0,0,5,23,4,2,7,,
348,3,0,5,24,4,2,5,,
349,3,0,5,25,4,2,3,,
350,2,0,5,26,4,2,5,,
351,1,0,5,27,4,2,6,,
352,2,0,5,28,4,2,5,,
353,0,0,5,29,4,2,6,,
354,1,0,5,30,4,2,6,,
355,0,0,5,31,4,2,8,,
356,2,0,5,32,4,2,5,,
357,2,0,5,33,4,2,5,,
358,2,0,5,34,4,2,4,,
359,2,0,5,35,4,2,5,,
360,3,0,5,36,4,2,5,,
361,3,0,6,19,1,5,4,,
362,1,0,6,20,1,5,5,,
363,4,0,6,21,1,5,3,,
364,0,0,6,22,1,5,8,,
365,2,0,6,23,1,5,5,,
366,3,0,6,24,1,5,5,,
367,0,0,6,25,1,5,6,,
368,4,0,6,26,1,5,4,,
369,2,0,6,27,1,5,5,,
370,2,0,6,28,1,5,5,,
371,3,0,6,29,1,5,3,,
372,0,0,6,30,1,5,7,,
373,3,0,6,31,1,5,5,,
374,1,0,6,32,1,5,6,,
375,2,0,6,33,1,5,5,,
376,3,0,6,34,1,5,3,,
377,3,0,6,35,1,5,4,,
378,0,0,6,36,1,5,8,,
379,3,0,7,37,1,5,5,,
380,0,0,7,38,1,5,7,,
381,0,0,7,39,1,5,6,,
382,1,0,7,40,1,5,6,,
383,0,0,7,41,1,5,8,,
384,3,0,7,42,1,5,3,,
385,3,0,7,43,1,5,4,,
386,3,0,7,44,1,5,5,,
387,1,0,7,45,1,5,6,,
388,1,0,7,46,1,5,6,,
389,2,0,7,47,1,5,6,,
390,1,0,7,48,1,5,6,,
391,2,0,7,49,1,5,4,,
392,3,0,7,50,1,5,4,,
393,0,0,7,51,1,5,7,,
394,2,0,7,52,1,5,6,,
395,2,0,7,53,1,5,4,,
396,1,0,7,54,1,5,6,,
397,1,0,8,19,1,5,6,,
398,0,0,8,20,1,5,6,,
399,2,0,8,21,1,5,5,,
400,2,0,8,22,1,5,6,,
401,3,0,8,23,1,5,4,,
402,2,0,8,24,1,5,6,,
403,3,0,8,25,1,5,3,,
404,1,0,8,26,1,5,7,,
405,3,0,8,27,1,5,4,,
406,1,0,8,28,1,5,6,,
407,4,0,8,29,1,5,2,,
408,1,0,8,30,1,5,6,,
409,1,0,8,31,1,5,7,,
410,0,0,8,32,1,5,7,,
411,3,0,8,33,1,5,4,,
412,1,0,8,34,1,5,5,,
413,3,0,8,35,1,5,4,,
414,2,0,8,36,1,5,6,,
415,3,0,9,55,1,5,5,,
416,3,0,9,56,1,5,4,,
417,1,0,9,57,1,5,5,,
418,2,0,9,58,1,5,5,,
419,2,0,9,59,1,5,6,,
420,3,0,9,60,1,5,3,,
421,2,0,9,61,1,5,5,,
422,3,0,9,62,1,5,5,,
423,3,0,9,63,1,5,4,,
424,0,0,9,64,1,5,7,,
425,3,0,9,65,1,5,5,,
426,2,0,9,66,1,5,5,,
427,3,0,9,67,1,5,3,,
428,0,0,9,68,1,5,7,,
429,2,0,9,69,1,5,5,,
430,3,0,9,70,1,5,5,,
431,2,0,9,71,1,5,4,,
432,2,0,9,72,1,5,5,,
433,3,0,10,19,1,5,4,,
434,1,0,10,20,1,5,5,,
435,2,0,10,21,1,5,5,,
436,0,0,10,22,1,5,8,,
437,1,0,10,23,1,5,6,,
438,1,0,10,24,1,5,7,,
439,2,0,10,25,1,5,4,,
440,4,0,10,26,1,5,4,,
441,1,0,10,27,1,5,6,,
442,2,0,10,28,1,5,5,,
443,3,0,10,29,1,5,3,,
444,3,0,10,30,1,5,4,,
445,2,0,10,31,1,5,6,,
446,0,0,10,32,1,5,7,,
447,5,0,10,33,1,5,2,,
448,0,0,10,34,1,5,6,,
449,2,0,10,35,1,5,5,,
450,0,0,10,36,1,5,8,,
451,1,0,6,19,2,8,5,,
452,2,0,6,20,2,8,3,,
453,2,0,6,21,2,8,4,,
454,2,0,6,22,2,8,6,,
455,3,0,6,23,2,8,3,,
456,3,0,6,24,2,8,5,,
457,2,0,6,25,2,8,3,,
458,2,0,6,26,2,8,5,,
459,2,0,6,27,2,8,4,,
460,1,0,6,28,2,8,5,,
461,2,0,6,29,2,8,3,,
462,2,0,6,30,2,8,5,,
463,3,0,6,31,2,8,5,,
464,2,0,6,32,2,8,4,,
465,3,0,6,33,2,8,3,,
466,2,0,6,34,2,8,3,,
467,3,0,6,35,2,8,4,,
468,1,0,6,36,2,8,6,,
469,2,0,7,37,2,8,5,,
470,0,0,7,38,2,8,7,,
471,1,0,7,39,2,8,4,,
472,0,0,7,40,2,8,7,,
473,2,0,7,41,2,8,5,,
474,1,0,7,42,2,8,4,,
475,3,0,7,43,2,8,4,,
476,1,0,7,44,2,8,6,,
477,2,0,7,45,2,8,4,,
478,2,0,7,46,2,8,5,,
479,2,0,7,47,2,8,5,,
480,0,0,7,48,2,8,6,,
481,1,0,7,49,2,8,4,,
482,0,0,7,50,2,8,7,,
483,3,0,7,51,2,8,4,,
484,2,0,7,52,2,8,5,,
485,2,0,7,53,2,8,3,,
486,1,0,7,54,2,8,5,,
487,0,0,8,19,2,8,6,,
488,0,0,8,20,2,8,6,,
489,3,0,8,21,2,8,3,,
490,1,0,8,22,2,8,7,,
491,1,0,8,23,2,8,5,,
492,1,0,8,24,2,8,7,,
493,2,0,8,25,2,8,3,,
494,1,0,8,26,2,8,6,,
495,2,0,8,27,2,8,4,,
496,0,0,8,28,2,8,7,,
497,2,0,8,29,2,8,3,,
498,1,0,8,30,2,8,6,,
499,2,0,8,31,2,8,6,,
500,0,0,8,32,2,8,6,,
501,2,0,8,33,2,8,4,,
502,2,0,8,34,2,8,3,,
503,3,0,8,35,2,8,4,,
504,2,0,8,36,2,8,5,,
505,2,0,9,55,2,8,5,,
506,1,0,9,56,2,8,5,,
507,2,0,9,57,2,8,3,,
508,3,0,9,58,2,8,4,,
509,4,0,9,59,2,8,3,,
510,0,0,9,60,2,8,5,,
511,3,0,9,61,2,8,4,,
512,3,0,9,62,2,8,4,,
513,3,0,9,63,2,8,3,,
514,2,0,9,64,2,8,5,,
515,2,0,9,65,2,8,5,,
516,1,0,9,66,2,8,5,,
517,2,0,9,67,2,8,3,,
518,3,0,9,68,2,8,4,,
519,4,0,9,69,2,8,3,,
520,2,0,9,70,2,8,5,,
521,2,0,9,71,2,8,3,,
522,2,0,9,72,2,8,4,,
523,1,0,10,19,2,8,5,,
524,0,0,10,20,2,8,5,,
525,3,0,10,21,2,8,3,,
526,0,0,10,22,2,8,8,,
527,0,0,10,23,2,8,6,,
528,3,0,10,24,2,8,5,,
529,1,0,10,25,2,8,4,,
530,1,0,10,26,2,8,6,,
531,1,0,10,27,2,8,5,,
532,1,0,10,28,2,8,5,,
533,1,0,10,29,2,8,4,,
534,1,0,10,30,2,8,6,,
535,3,0,10,31,2,8,5,,
536,2,0,10,32,2,8,4,,
537,1,0,10,33,2,8,5,,
538,2,0,10,34,2,8,3,,
539,2,0,10,35,2,8,5,,
540,3,0,10,36,2,8,4,,
541,1,0,6,19,3,6,7,,
542,0,0,6,20,3,6,7,,
543,0,0,6,21,3,6,8,,
544,1,0,6,22,3,6,8,,
545,0,0,6,23,3,6,7,,
546,3,0,6,24,3,6,6,,
547,2,0,6,25,3,6,4,,
548,3,0,6,26,3,6,5,,
549,3,0,6,27,3,6,4,,
550,3,0,6,28,3,6,4,,
551,3,0,6,29,3,6,3,,
552,3,0,6,30,3,6,5,,
553,0,0,6,31,3,6,9,,
554,2,0,6,32,3,6,5,,
555,1,0,6,33,3,6,6,,
556,2,0,6,34,3,6,4,,
557,3,0,6,35,3,6,5,,
558,0,0,6,36,3,6,9,,
559,2,0,7,37,3,6,6,,
560,3,0,7,38,3,6,5,,
561,0,0,7,39,3,6,6,,
562,2,0,7,40,3,6,6,,
563,2,0,7,41,3,6,6,,
564,2,0,7,42,3,6,4,,
565,4,0,7,43,3,6,4,,
566,1,0,7,44,3,6,7,,
567,0,0,7,45,3,6,7,,
568,1,0,7,46,3,6,7,,
569,2,0,7,47,3,6,6,,
570,2,0,7,48,3,6,5,,
571,1,0,7,49,3,6,5,,
572,0,0,7,50,3,6,8,,
573,0,0,7,51,3,6,8,,
574,2,0,7,52,3,6,6,,
575,2,0,7,53,3,6,4,,
576,0,0,7,54,3,6,7,,
577,0,0,8,19,3,6,8,,
578,3,0,8,20,3,6,3,,
579,2,0,8,21,3,6,5,,
580,2,0,8,22,3,6,7,,
581,3,0,8,23,3,6,4,,
582,4,0,8,24,3,6,5,,
583,3,0,8,25,3,6,3,,
584,4,0,8,26,3,6,4,,
585,3,0,8,27,3,6,4,,
586,2,0,8,28,3,6,5,,
587,0,0,8,29,3,6,6,,
588,3,0,8,30,3,6,5,,
589,1,0,8,31,3,6,8,,
590,1,0,8,32,3,6,6,,
591,0,0,8,33,3,6,8,,
592,2,0,8,34,3,6,4,,
593,0,0,8,35,3,6,8,,
594,0,0,8,36,3,6,9,,
595,4,0,9,55,3,6,4,,
596,3,0,9,56,3,6,4,,
597,1,0,9,57,3,6,5,,
598,3,0,9,58,3,6,5,,
599,1,0,9,59,3,6,7,,
600,3,0,9,60,3,6,3,,
601,3,0,9,61,3,6,5,,
602,3,0,9,62,3,6,5,,
603,2,0,9,63,3,6,5,,
604,2,0,9,64,3,6,6,,
605,3,0,9,65,3,6,5,,
606,2,0,9,66,3,6,5,,
607,4,0,9,67,3,6,2,,
608,1,0,9,68,3,6,7,,
609,3,0,9,69,3,6,5,,
610,1,0,9,70,3,6,7,,
611,3,0,9,71,3,6,3,,
612,2,0,9,72,3,6,5,,
613,2,0,10,19,3,6,6,,
614,3,0,10,20,3,6,3,,
615,3,0,10,21,3,6,4,,
616,0,0,10,22,3,6,9,,
617,1,0,10,23,3,6,6,,
618,1,0,10,24,3,6,8,,
619,3,0,10,25,3,6,3,,
620,1,0,10,26,3,6,7,,
621,0,0,10,27,3,6,8,,
622,1,0,10,28,3,6,6,,
623,2,0,10,29,3,6,4,,
624,3,0,10,30,3,6,5,,
625,3,0,10,31,3,6,6,,
626,1,0,10,32,3,6,6,,
627,4,0,10,33,3,6,3,,
628,2,0,10,34,3,6,4,,
629,2,0,10,35,3,6,6,,
630,1,0,10,36,3,6,7,,
631,0,0,6,19,4,7,7,,
632,1,0,6,20,4,7,4,,
633,0,0,6,21,4,7,7,,
634,0,0,6,22,4,7,8,,
635,2,0,6,23,4,7,5,,
636,2,0,6,24,4,7,6,,
637,1,0,6,25,4,7,5,,
638,0,0,6,26,4,7,7,,
639,3,0,6,27,4,7,4,,
640,3,0,6,28,4,7,4,,
641,0,0,6,29,4,7,6,,
642,3,0,6,30,4,7,4,,
643,1,0,6,31,4,7,7,,
644,2,0,6,32,4,7,5,,
645,3,0,6,33,4,7,4,,
646,0,0,6,34,4,7,5,,
647,2,0,6,35,4,7,5,,
648,2,0,6,36,4,7,6,,
649,2,0,7,37,4,7,6,,
650,2,0,7,38,4,7,5,,
651,3,0,7,39,4,7,3,,
652,3,0,7,40,4,7,4,,
653,2,0,7,41,4,7,5,,
654,0,0,7,42,4,7,6,,
655,0,0,7,43,4,7,7,,
656,3,0,7,44,4,7,4,,
657,1,0,7,45,4,7,6,,
658,0,0,7,46,4,7,7,,
659,1,0,7,47,4,7,7,,
660,0,0,7,48,4,7,7,,
661,1,0,7,49,4,7,4,,
662,0,0,7,50,4,7,7,,
663,0,0,7,51,4,7,7,,
664,1,0,7,52,4,7,7,,
665,2,0,7,53,4,7,4,,
666,2,0,7,54,4,7,5,,
667,2,0,8,19,4,7,5,,
668,2,0,8,20,4,7,3,,
669,2,0,8,21,4,7,5,,
670,0,0,8,22,4,7,8,,
671,2,0,8,23,4,7,5,,
672,1,0,8,24,4,7,7,,
673,2,0,8,25,4,7,4,,
674,2,0,8,26,4,7,5,,
675,3,0,8,27,4,7,4,,
676,1,0,8,28,4,7,6,,
677,1,0,8,29,4,7,5,,
678,0,0,8,30,4,7,7,,
679,2,0,8,31,4,7,6,,
680,3,0,8,32,4,7,4,,
681,3,0,8,33,4,7,4,,
682,1,0,8,34,4,7,4,,
683,0,0,8,35,4,7,7,,
684,2,0,8,36,4,7,6,,
685,2,0,9,55,4,7,6,,
686,4,0,9,56,4,7,3,,
687,1,0,9,57,4,7,5,,
688,2,0,9,58,4,7,5,,
689,0,0,9,59,4,7,7,,
690,3,0,9,60,4,7,3,,
691,0,0,9,61,4,7,7,,
692,3,0,9,62,4,7,4,,
693,3,0,9,63,4,7,4,,
694,2,0,9,64,4,7,5,,
695,2,0,9,65,4,7,6,,
696,3,0,9,66,4,7,4,,
697,2,0,9,67,4,7,3,,
698,3,0,9,68,4,7,4,,
699,2,0,9,69,4,7,5,,
700,3,0,9,70,4,7,5,,
701,1,0,9,71,4,7,4,,
702,2,0,9,72,4,7,5,,
703,1,0,10,19,4,7,6,,
704,1,0,10,20,4,7,4,,
705,0,0,10,21,4,7,7,,
706,1,0,10,22,4,7,7,,
707,0,0,10,23,4,7,7,,
708,0,0,10,24,4,7,8,,
709,3,0,10,25,4,7,3,,
710,0,0,10,26,4,7,7,,
711,3,0,10,27,4,7,4,,
712,1,0,10,28,4,7,6,,
713,3,0,10,29,4,7,3,,
714,2,0,10,30,4,7,5,,
715,3,0,10,31,4,7,5,,
716,2,0,10,32,4,7,5,,
717,3,0,10,33,4,7,4,,
718,2,0,10,34,4,7,3,,
719,1,0,10,35,4,7,6,,
720,4,0,10,36,4,7,4,,
1769,2,0,16,307,1,118,5,,
1770,0,0,16,308,1,118,7,,
1771,4,0,16,309,1,118,2,,
1772,2,0,16,310,1,118,5,,
1773,2,0,16,311,1,118,6,,
1774,3,0,16,312,1,118,3,,
1775,2,0,16,313,1,118,5,,
1776,1,0,16,314,1,118,6,,
1777,3,0,16,315,1,118,5,,
1778,1,0,16,316,1,118,6,,
1779,2,0,16,317,1,118,5,,
1780,2,0,16,318,1,118,4,,
1781,2,0,16,319,1,118,5,,
1782,4,0,16,320,1,118,4,,
1783,1,0,16,321,1,118,6,,
1784,3,0,16,322,1,118,4,,
1785,2,0,16,323,1,118,4,,
1786,2,0,16,324,1,118,6,,
1787,3,0,16,307,3,119,4,,
1788,1,0,16,308,3,119,6,,
1789,2,0,16,309,3,119,4,,
1790,2,0,16,310,3,119,6,,
1791,1,0,16,311,3,119,7,,
1792,2,0,16,312,3,119,4,,
1793,1,0,16,313,3,119,6,,
1794,1,1,16,314,3,119,7,,
1795,2,0,16,315,3,119,6,,
1796,3,0,16,316,3,119,5,,
1797,3,0,16,317,3,119,4,,
1798,2,0,16,318,3,119,4,,
1799,3,0,16,319,3,119,5,,
1800,1,0,16,320,3,119,7,,
1801,2,0,16,321,3,119,6,,
1802,2,0,16,322,3,119,5,,
1803,3,0,16,323,3,119,3,,
1804,3,0,16,324,3,119,5,,
1805,0,0,16,307,4,120,6,,
1806,4,0,16,308,4,120,3,,
1807,1,0,16,309,4,120,5,,
1808,0,0,16,310,4,120,7,,
1809,3,0,16,311,4,120,5,,
1810,2,0,16,312,4,120,3,,
1811,0,0,16,313,4,120,7,,
1812,1,0,16,314,4,120,6,,
1813,2,0,16,315,4,120,6,,
1814,1,0,16,316,4,120,6,,
1815,1,0,16,317,4,120,6,,
1816,1,0,16,318,4,120,5,,
1817,1,0,16,319,4,120,6,,
1818,2,0,16,320,4,120,6,,
1819,3,0,16,321,4,120,4,,
1820,2,0,16,322,4,120,5,,
1821,2,0,16,323,4,120,3,,
1822,1,0,16,324,4,120,7,,
1895,1,0,18,343,1,130,6,,
1896,0,0,18,344,1,130,6,,
1897,2,0,18,345,1,130,5,,
1898,2,0,18,346,1,130,3,,
1899,1,0,18,347,1,130,6,,
1900,0,0,18,348,1,130,7,,
1901,2,0,18,349,1,130,5,,
1902,4,0,18,350,1,130,2,,
1903,0,0,18,351,1,130,7,,
1904,1,0,18,352,1,130,5,,
1905,1,0,18,353,1,130,5,,
1906,2,0,18,354,1,130,4,,
1907,0,0,18,355,1,130,7,,
1908,3,0,18,356,1,130,4,,
1909,2,0,18,357,1,130,5,,
1910,2,0,18,358,1,130,4,,
1911,3,0,18,359,1,130,3,,
1912,2,0,18,360,1,130,5,,
1913,3,0,18,343,4,131,4,,
1914,1,0,18,344,4,131,5,,
1915,0,0,18,345,4,131,7,,
1916,2,0,18,346,4,131,3,,
1917,2,0,18,347,4,131,5,,
1918,0,0,18,348,4,131,7,,
1919,1,0,18,349,4,131,6,,
1920,0,0,18,350,4,131,6,,
1921,1,0,18,351,4,131,5,,
1922,3,0,18,352,4,131,3,,
1923,0,0,18,353,4,131,6,,
1924,0,0,18,354,4,131,5,,
1925,1,0,18,355,4,131,6,,
1926,2,0,18,356,4,131,5,,
1927,1,0,18,357,4,131,5,,
1928,1,0,18,358,4,131,5,,
1929,2,0,18,359,4,131,4,,
1930,3,0,18,360,4,131,4,,
1931,1,0,18,343,6,132,7,,
1932,2,0,18,344,6,132,5,,
1933,2,0,18,345,6,132,6,,
1934,2,0,18,346,6,132,4,,
1935,2,0,18,347,6,132,6,,
1936,0,0,18,348,6,132,9,,
1937,0,0,18,349,6,132,9,,
1938,3,0,18,350,6,132,4,,
1939,0,0,18,351,6,132,8,,
1940,0,0,18,352,6,132,7,,
1941,2,0,18,353,6,132,5,,
1942,3,0,18,354,6,132,4,,
1943,2,0,18,355,6,132,6,,
1944,3,0,18,356,6,132,5,,
1945,2,0,18,357,6,132,5,,
1946,0,1,18,358,6,132,8,,
1947,2,0,18,359,6,132,5,,
1948,2,0,18,360,6,132,6,,
1949,0,1,18,343,7,133,7,,
1950,3,0,18,344,7,133,3,,
1951,1,0,18,345,7,133,6,,
1952,1,0,18,346,7,133,5,,
1953,0,0,18,347,7,133,8,,
1954,0,0,18,348,7,133,8,,
1955,1,0,18,349,7,133,6,,
1956,1,0,18,350,7,133,5,,
1957,0,0,18,351,7,133,7,,
1958,1,0,18,352,7,133,5,,
1959,2,0,18,353,7,133,5,,
1960,3,1,18,354,7,133,3,,
1961,1,0,18,355,7,133,6,,
1962,3,0,18,356,7,133,4,,
1963,1,0,18,357,7,133,6,,
1964,3,0,18,358,7,133,4,,
1965,3,0,18,359,7,133,3,,
1966,2,0,18,360,7,133,5,,
2039,0,0,20,343,1,134,7,,
2040,1,0,20,344,1,134,5,,
2041,2,0,20,345,1,134,5,,
2042,2,0,20,346,1,134,3,,
2043,3,0,20,347,1,134,4,,
2044,1,0,20,348,1,134,6,,
2045,4,0,20,349,1,134,3,,
2046,3,0,20,350,1,134,3,,
2047,0,0,20,351,1,134,7,,
2048,3,0,20,352,1,134,3,,
2049,1,0,20,353,1,134,5,,
2050,2,0,20,354,1,134,4,,
2051,3,0,20,355,1,134,4,,
2052,3,0,20,356,1,134,4,,
2053,1,0,20,357,1,134,6,,
2054,0,0,20,358,1,134,7,,
2055,3,0,20,359,1,134,3,,
2056,2,0,20,360,1,134,5,,
2057,0,0,20,343,4,135,7,,
2058,3,0,20,344,4,135,3,,
2059,2,0,20,345,4,135,5,,
2060,0,0,20,346,4,135,5,,
2061,3,0,20,347,4,135,4,,
2062,1,0,20,348,4,135,6,,
2063,1,0,20,349,4,135,6,,
2064,4,0,20,350,4,135,2,,
2065,1,0,20,351,4,135,5,,
2066,2,0,20,352,4,135,4,,
2067,0,0,20,353,4,135,7,,
2068,1,0,20,354,4,135,4,,
2069,0,0,20,355,4,135,7,,
2070,1,0,20,356,4,135,6,,
2071,3,0,20,357,4,135,3,,
2072,2,0,20,358,4,135,4,,
2073,2,0,20,359,4,135,4,,
2074,1,0,20,360,4,135,6,,
2075,0,0,20,343,8,136,9,,
2076,0,1,20,344,8,136,9,,
2077,0,0,20,345,8,136,9,,
2078,3,0,20,346,8,136,4,,
2079,2,0,20,347,8,136,7,,
2080,1,0,20,348,8,136,8,,
2081,1,0,20,349,8,136,8,,
2082,5,0,20,350,8,136,3,,
2083,1,0,20,351,8,136,7,,
2084,4,0,20,352,8,136,4,,
2085,0,0,20,353,8,136,8,,
2086,3,0,20,354,8,136,5,,
2087,1,0,20,355,8,136,8,,
2088,5,0,20,356,8,136,4,,
2089,2,0,20,357,8,136,6,,
2090,3,0,20,358,8,136,5,,
2091,2,1,20,359,8,136,6,,
2092,1,0,20,360,8,136,8,,
2363,4,0,27,379,1,140,4,,
2364,3,0,27,380,1,140,3,,
2365,2,0,27,381,1,140,5,,
2366,1,0,27,382,1,140,6,,
2367,2,0,27,383,1,140,5,,
2368,0,0,27,384,1,140,7,,
2369,2,0,27,385,1,140,5,,
2370,0,1,27,386,1,140,8,,
2371,2,0,27,387,1,140,4,,
2372,0,0,27,388,1,140,7,,
2373,0,0,27,389,1,140,8,,
2374,2,0,27,390,1,140,4,,
2375,1,0,27,391,1,140,7,,
2376,1,0,27,392,1,140,7,,
2377,0,0,27,393,1,140,6,,
2378,0,0,27,394,1,140,7,,
2379,2,0,27,395,1,140,4,,
2380,3,0,27,396,1,140,4,,
2381,2,0,27,379,4,141,6,,
2382,1,0,27,380,4,141,5,,
2383,1,0,27,381,4,141,6,,
2384,2,0,27,382,4,141,4,,
2385,0,0,27,383,4,141,7,,
2386,3,0,27,384,4,141,4,,
2387,1,0,27,385,4,141,5,,
2388,0,0,27,386,4,141,7,,
2389,2,1,27,387,4,141,4,,
2390,1,0,27,388,4,141,6,,
2391,1,0,27,389,4,141,7,,
2392,2,0,27,390,4,141,3,,
2393,3,0,27,391,4,141,5,,
2394,1,0,27,392,4,141,7,,
2395,1,0,27,393,4,141,4,,
2396,2,0,27,394,4,141,5,,
2397,2,0,27,395,4,141,4,,
2398,3,0,27,396,4,141,4,,
2399,0,0,28,379,1,140,8,,
2400,3,0,28,380,1,140,3,,
2401,2,0,28,381,1,140,5,,
2402,3,0,28,382,1,140,4,,
2403,3,0,28,383,1,140,4,,
2404,2,0,28,384,1,140,5,,
2405,1,0,28,385,1,140,6,,
2406,2,1,28,386,1,140,5,,
2407,2,1,28,387,1,140,4,,
2408,0,0,28,388,1,140,7,,
2409,1,1,28,389,1,140,7,,
2410,2,0,28,390,1,140,4,,
2411,1,0,28,391,1,140,7,,
2412,2,0,28,392,1,140,6,,
2413,3,0,28,393,1,140,3,,
2414,2,0,28,394,1,140,5,,
2415,3,0,28,395,1,140,3,,
2416,1,0,28,396,1,140,6,,
2417,1,0,28,379,4,141,7,,
2418,3,0,28,380,4,141,3,,
2419,1,0,28,381,4,141,6,,
2420,1,0,28,382,4,141,5,,
2421,3,0,28,383,4,141,4,,
2422,1,0,28,384,4,141,6,,
2423,0,0,28,385,4,141,6,,
2424,1,0,28,386,4,141,6,,
2425,2,0,28,387,4,141,4,,
2426,2,0,28,388,4,141,5,,
2427,1,0,28,389,4,141,7,,
2428,2,0,28,390,4,141,3,,
2429,2,0,28,391,4,141,6,,
2430,2,1,28,392,4,141,6,,
2431,1,0,28,393,4,141,4,,
2432,0,0,28,394,4,141,7,,
2433,0,1,28,395,4,141,6,,
2434,1,0,28,396,4,141,6,,
2435,0,0,29,343,1,142,7,,
2436,3,0,29,344,1,142,3,,
2437,4,0,29,345,1,142,3,,
2438,3,0,29,346,1,142,2,,
2439,2,0,29,347,1,142,5,,
2440,2,0,29,348,1,142,6,,
2441,3,0,29,349,1,142,4,,
2442,2,0,29,350,1,142,4,,
2443,3,0,29,351,1,142,4,,
2444,2,0,29,352,1,142,4,,
2445,0,0,29,353,1,142,6,,
2446,0,0,29,354,1,142,6,,
2447,2,0,29,355,1,142,5,,
2448,0,0,29,356,1,142,7,,
2449,2,0,29,357,1,142,5,,
2450,1,0,29,358,1,142,6,,
2451,3,0,29,359,1,142,3,,
2452,1,0,29,360,1,142,6,,
2453,2,0,29,343,4,143,5,,
2454,3,0,29,344,4,143,3,,
2455,3,0,29,345,4,143,4,,
2456,2,0,29,346,4,143,3,,
2457,0,0,29,347,4,143,7,,
2458,0,0,29,348,4,143,8,,
2459,0,0,29,349,4,143,7,,
2460,3,0,29,350,4,143,3,,
2461,0,0,29,351,4,143,6,,
2462,0,0,29,352,4,143,6,,
2463,3,0,29,353,4,143,3,,
2464,2,0,29,354,4,143,4,,
2465,0,0,29,355,4,143,7,,
2466,3,0,29,356,4,143,4,,
2467,3,0,29,357,4,143,3,,
2468,1,0,29,358,4,143,5,,
2469,2,0,29,359,4,143,4,,
2470,3,0,29,360,4,143,4,,
2471,1,0,29,343,6,144,7,,
2472,2,1,29,344,6,144,5,,
2473,2,0,29,345,6,144,6,,
2474,0,0,29,346,6,144,6,,
2475,1,0,29,347,6,144,7,,
2476,2,0,29,348,6,144,6,,
2477,2,0,29,349,6,144,6,,
2478,4,0,29,350,6,144,3,,
2479,1,0,29,351,6,144,7,,
2480,4,0,29,352,6,144,3,,
2481,3,0,29,353,6,144,4,,
2482,2,0,29,354,6,144,5,,
2483,3,0,29,355,6,144,5,,
2484,2,0,29,356,6,144,6,,
2485,1,0,29,357,6,144,6,,
2486,0,0,29,358,6,144,7,,
2487,2,0,29,359,6,144,5,,
2488,2,0,29,360,6,144,6,,
2489,3,0,29,343,8,145,6,,
2490,4,0,29,344,8,145,4,,
2491,0,1,29,345,8,145,11,,
2492,1,0,29,346,8,145,6,,
2493,2,0,29,347,8,145,7,,
2494,1,0,29,348,8,145,8,,
2495,3,0,29,349,8,145,6,,
2496,3,0,29,350,8,145,5,,
2497,1,0,29,351,8,145,7,,
2498,2,0,29,352,8,145,6,,
2499,1,0,29,353,8,145,7,,
2500,3,0,29,354,8,145,5,,
2501,4,0,29,355,8,145,5,,
2502,3,0,29,356,8,145,6,,
2503,2,0,29,357,8,145,6,,
2504,3,0,29,358,8,145,5,,
2505,4,1,29,359,8,145,4,,
2506,2,0,29,360,8,145,7,,
2507,0,0,30,343,1,142,7,,
2508,1,0,30,344,1,142,5,,
2509,0,0,30,345,1,142,7,,
2510,1,0,30,346,1,142,4,,
2511,2,0,30,347,1,142,5,,
2512,3,0,30,348,1,142,5,,
2513,2,0,30,349,1,142,5,,
2514,1,0,30,350,1,142,5,,
2515,1,0,30,351,1,142,6,,
2516,1,0,30,352,1,142,5,,
2517,2,0,30,353,1,142,4,,
2518,3,0,30,354,1,142,3,,
2519,0,0,30,355,1,142,7,,
2520,3,0,30,356,1,142,4,,
2521,1,0,30,357,1,142,6,,
2522,3,0,30,358,1,142,4,,
2523,3,0,30,359,1,142,3,,
2524,0,0,30,360,1,142,7,,
2525,2,0,30,343,4,143,5,,
2526,1,0,30,344,4,143,5,,
2527,1,0,30,345,4,143,6,,
2528,1,0,30,346,4,143,4,,
2529,3,0,30,347,4,143,4,,
2530,1,0,30,348,4,143,6,,
2531,2,0,30,349,4,143,5,,
2532,2,0,30,350,4,143,4,,
2533,0,0,30,351,4,143,6,,
2534,2,0,30,352,4,143,4,,
2535,2,0,30,353,4,143,4,,
2536,2,0,30,354,4,143,4,,
2537,0,0,30,355,4,143,7,,
2538,2,0,30,356,4,143,5,,
2539,2,0,30,357,4,143,4,,
2540,2,0,30,358,4,143,4,,
2541,3,0,30,359,4,143,3,,
2542,2,0,30,360,4,143,5,,
2543,2,0,30,343,6,144,6,,
2544,1,0,30,344,6,144,6,,
2545,2,0,30,345,6,144,6,,
2546,3,0,30,346,6,144,3,,
2547,0,0,30,347,6,144,8,,
2548,3,0,30,348,6,144,5,,
2549,2,0,30,349,6,144,6,,
2550,4,0,30,350,6,144,3,,
2551,1,0,30,351,6,144,6,,
2552,2,0,30,352,6,144,5,,
2553,2,0,30,353,6,144,5,,
2554,0,0,30,354,6,144,6,,
2555,2,0,30,355,6,144,6,,
2556,2,0,30,356,6,144,6,,
2557,1,0,30,357,6,144,6,,
2558,3,0,30,358,6,144,4,,
2559,2,0,30,359,6,144,5,,
2560,2,0,30,360,6,144,6,,
2561,1,0,30,343,8,145,7,,
2562,1,0,30,344,8,145,7,,
2563,1,0,30,345,8,145,8,,
2564,2,0,30,346,8,145,5,,
2565,4,0,30,347,8,145,5,,
2566,1,0,30,348,8,145,8,,
2567,4,0,30,349,8,145,5,,
2568,3,0,30,350,8,145,5,,
2569,0,0,30,351,8,145,10,,
2570,4,0,30,352,8,145,4,,
2571,3,0,30,353,8,145,5,,
2572,3,0,30,354,8,145,4,,
2573,1,0,30,355,8,145,8,,
2574,5,0,30,356,8,145,4,,
2575,2,0,30,357,8,145,6,,
2576,2,0,30,358,8,145,6,,
2577,1,0,30,359,8,145,7,,
2578,3,0,30,360,8,145,6,,
2579,2,0,31,343,1,149,5,,
2580,2,0,31,344,1,149,4,,
2581,2,0,31,345,1,149,5,,
2582,1,0,31,346,1,149,4,,
2583,2,0,31,347,1,149,5,,
2584,0,1,31,348,1,149,8,,
2585,0,0,31,349,1,149,7,,
2586,1,0,31,350,1,149,5,,
2587,2,0,31,351,1,149,5,,
2588,2,0,31,352,1,149,4,,
2589,2,0,31,353,1,149,4,,
2590,3,0,31,354,1,149,3,,
2591,2,0,31,355,1,149,5,,
2592,2,0,31,356,1,149,5,,
2593,1,1,31,357,1,149,6,,
2594,2,0,31,358,1,149,5,,
2595,2,0,31,359,1,149,4,,
2596,1,0,31,360,1,149,6,,
2597,1,0,31,343,4,150,6,,
2598,2,0,31,344,4,150,4,,
2599,2,0,31,345,4,150,5,,
2600,2,0,31,346,4,150,3,,
2601,2,0,31,347,4,150,5,,
2602,0,0,31,348,4,150,7,,
2603,1,0,31,349,4,150,6,,
2604,2,0,31,350,4,150,4,,
2605,2,0,31,351,4,150,5,,
2606,2,0,31,352,4,150,4,,
2607,2,0,31,353,4,150,4,,
2608,2,0,31,354,4,150,4,,
2609,3,0,31,355,4,150,4,,
2610,2,0,31,356,4,150,5,,
2611,3,0,31,357,4,150,3,,
2612,0,0,31,358,4,150,6,,
2613,3,1,31,359,4,150,3,,
2614,2,0,31,360,4,150,5,,
2615,2,0,31,343,8,151,6,,
2616,5,0,31,344,8,151,3,,
2617,2,0,31,345,8,151,7,,
2618,2,0,31,346,8,151,5,,
2619,3,0,31,347,8,151,6,,
2620,2,0,31,348,8,151,7,,
2621,3,0,31,349,8,151,6,,
2622,2,0,31,350,8,151,5,,
2623,2,0,31,351,8,151,6,,
2624,3,0,31,352,8,151,5,,
2625,0,0,31,353,8,151,9,,
2626,4,0,31,354,8,151,3,,
2627,3,0,31,355,8,151,6,,
2628,2,0,31,356,8,151,6,,
2629,3,0,31,357,8,151,5,,
2630,3,0,31,358,8,151,5,,
2631,3,0,31,359,8,151,5,,
2632,3,0,31,360,8,151,5,,
2633,0,1,31,343,9,152,11,,
2634,3,0,31,344,9,152,5,,
2635,0,0,31,345,9,152,9,,
2636,2,0,31,346,9,152,5,,
2637,0,0,31,347,9,152,9,,
2638,0,0,31,348,9,152,9,,
2639,4,0,31,349,9,152,5,,
2640,3,0,31,350,9,152,5,,
2641,0,0,31,351,9,152,9,,
2642,0,0,31,352,9,152,8,,
2643,2,0,31,353,9,152,6,,
2644,2,0,31,354,9,152,6,,
2645,1,0,31,355,9,152,8,,
2646,1,0,31,356,9,152,8,,
2647,0,0,31,357,9,152,8,,
2648,2,0,31,358,9,152,6,,
2649,2,0,31,359,9,152,6,,
2650,4,0,31,360,9,152,5,,
2723,2,0,34,415,1,153,5,,
2724,4,0,34,416,1,153,4,,
2725,4,0,34,417,1,153,3,,
2726,2,0,34,418,1,153,5,,
2727,3,0,34,419,1,153,5,,
2728,3,0,34,420,1,153,3,,
2729,3,0,34,421,1,153,4,,
2730,3,0,34,422,1,153,5,,
2731,3,0,34,423,1,153,3,,
2732,2,0,34,424,1,153,5,,
2733,2,0,34,425,1,153,6,,
2734,2,0,34,426,1,153,5,,
2735,0,0,34,427,1,153,6,,
2736,2,0,34,428,1,153,6,,
2737,3,0,34,429,1,153,4,,
2738,3,0,34,430,1,153,3,,
2739,4,0,34,431,1,153,5,,
2740,3,0,34,432,1,153,4,,
2741,3,1,34,415,2,154,4,,
2742,3,0,34,416,2,154,4,,
2743,2,0,34,417,2,154,4,,
2744,1,0,34,418,2,154,5,,
2745,2,0,34,419,2,154,5,,
2746,1,0,34,420,2,154,4,,
2747,2,0,34,421,2,154,5,,
2748,2,0,34,422,2,154,5,,
2749,2,0,34,423,2,154,3,,
2750,0,0,34,424,2,154,6,,
2751,1,0,34,425,2,154,6,,
2752,3,0,34,426,2,154,4,,
2753,2,0,34,427,2,154,3,,
2754,2,0,34,428,2,154,5,,
2755,0,0,34,429,2,154,6,,
2756,2,0,34,430,2,154,3,,
2757,3,0,34,431,2,154,5,,
2758,3,0,34,432,2,154,4,,
2759,3,0,34,415,3,155,5,,
2760,1,0,34,416,3,155,7,,
2761,2,0,34,417,3,155,5,,
2762,3,0,34,418,3,155,4,,
2763,3,0,34,419,3,155,5,,
2764,3,0,34,420,3,155,3,,
2765,0,1,34,421,3,155,8,,
2766,3,0,34,422,3,155,5,,
2767,3,0,34,423,3,155,3,,
2768,1,0,34,424,3,155,6,,
2769,2,0,34,425,3,155,6,,
2770,3,0,34,426,3,155,5,,
2771,2,0,34,427,3,155,4,,
2772,3,0,34,428,3,155,5,,
2773,3,0,34,429,3,155,4,,
2774,0,0,34,430,3,155,6,,
2775,3,0,34,431,3,155,6,,
2776,2,0,34,432,3,155,5,,
2777,2,0,34,415,4,156,5,,
2778,0,0,34,416,4,156,7,,
2779,1,0,34,417,4,156,6,,
2780,3,0,34,418,4,156,4,,
2781,1,0,34,419,4,156,7,,
2782,3,0,34,420,4,156,3,,
2783,2,0,34,421,4,156,5,,
2784,2,0,34,422,4,156,5,,
2785,1,0,34,423,4,156,5,,
2786,3,0,34,424,4,156,4,,
2787,1,0,34,425,4,156,7,,
2788,2,0,34,426,4,156,5,,
2789,3,1,34,427,4,156,3,,
2790,2,0,34,428,4,156,5,,
2791,0,0,34,429,4,156,7,,
2792,2,0,34,430,4,156,4,,
2793,2,0,34,431,4,156,6,,
2794,2,0,34,432,4,156,5,,
2795,3,0,35,469,1,130,4,0,1
2796,2,0,35,470,1,130,4,0,1
2797,3,0,35,471,1,130,4,0,1
2798,1,0,35,472,1,130,6,-1,1
2799,4,0,35,473,1,130,4,1,1
2800,3,0,35,474,1,130,3,1,1
2801,3,0,35,475,1,130,5,0,1
2802,0,1,35,476,1,130,7,0,1
2803,2,0,35,477,1,130,5,1,1
2804,3,0,35,478,1,130,4,0,1
2805,1,0,35,479,1,130,5,-1,1
2806,2,0,35,480,1,130,6,-1,1
2807,1,0,35,481,1,130,6,-1,1
2808,0,0,35,482,1,130,8,0,1
2809,3,0,35,483,1,130,5,1,1
2810,3,0,35,484,1,130,4,1,1
2811,2,0,35,485,1,130,4,-1,1
2812,2,0,35,486,1,130,5,-1,1
2813,1,0,35,469,4,131,6,0,1
2814,0,0,35,470,4,131,6,0,1
2815,2,0,35,471,4,131,4,0,1
2816,1,0,35,472,4,131,6,-1,1
2817,1,1,35,473,4,131,7,1,1
2818,2,0,35,474,4,131,3,1,1
2819,3,0,35,475,4,131,5,0,1
2820,1,0,35,476,4,131,6,0,1
2821,2,0,35,477,4,131,5,1,1
2822,3,0,35,478,4,131,4,0,1
2823,2,0,35,479,4,131,4,-1,1
2824,0,1,35,480,4,131,8,-1,1
2825,1,0,35,481,4,131,6,-1,1
2826,2,0,35,482,4,131,5,0,1
2827,2,0,35,483,4,131,5,1,1
2828,1,0,35,484,4,131,6,1,1
2829,1,0,35,485,4,131,4,-1,1
2830,1,0,35,486,4,131,6,-1,1
2831,3,0,35,469,6,132,5,0,2
2832,0,0,35,470,6,132,6,0,2
2833,3,0,35,471,6,132,4,0,2
2834,2,1,35,472,6,132,6,-1,2
2835,1,0,35,473,6,132,8,1,2
2836,1,1,35,474,6,132,5,1,2
2837,2,1,35,475,6,132,7,0,2
2838,1,0,35,476,6,132,7,0,2
2839,1,1,35,477,6,132,7,1,2
2840,3,0,35,478,6,132,5,0,2
2841,3,1,35,479,6,132,4,-1,2
2842,1,0,35,480,6,132,8,-1,2
2843,2,0,35,481,6,132,6,-1,2
2844,2,0,35,482,6,132,6,0,2
2845,1,0,35,483,6,132,7,1,2
2846,1,0,35,484,6,132,7,1,2
2847,2,1,35,485,6,132,4,-1,2
2848,3,0,35,486,6,132,5,-1,2
2849,2,0,35,469,7,133,5,0,2
2850,2,0,35,470,7,133,4,0,2
2851,2,0,35,471,7,133,5,0,2
2852,3,0,35,472,7,133,5,-1,2
2853,1,0,35,473,7,133,7,1,2
2854,1,0,35,474,7,133,5,1,2
2855,3,0,35,475,7,133,5,0,2
2856,1,0,35,476,7,133,6,0,2
2857,0,0,35,477,7,133,8,1,2
2858,3,0,35,478,7,133,4,0,2
2859,0,0,35,479,7,133,6,-1,2
2860,3,0,35,480,7,133,5,-1,2
2861,1,0,35,481,7,133,6,-1,2
2862,1,0,35,482,7,133,7,0,2
2863,0,0,35,483,7,133,8,1,2
2864,0,0,35,484,7,133,8,1,2
2865,3,0,35,485,7,133,3,-1,2
2866,2,0,35,486,7,133,5,-1,2
2975,3,0,38,487,1,134,4,,
2976,1,1,38,488,1,134,6,,
2977,2,0,38,489,1,134,4,,
2978,1,0,38,490,1,134,6,,
2979,4,0,38,491,1,134,4,,
2980,4,0,38,492,1,134,4,,
2981,0,0,38,493,1,134,7,,
2982,3,0,38,494,1,134,5,,
2983,2,0,38,495,1,134,4,,
2984,2,0,38,496,1,134,6,,
2985,1,0,38,497,1,134,6,,
2986,3,0,38,498,1,134,5,,
2987,2,0,38,499,1,134,6,,
2988,0,0,38,500,1,134,6,,
2989,2,0,38,501,1,134,5,,
2990,0,0,38,502,1,134,8,,
2991,2,0,38,503,1,134,4,,
2992,2,0,38,504,1,134,6,,
2993,2,0,38,487,4,135,5,,
2994,2,0,38,488,4,135,5,,
2995,2,0,38,489,4,135,4,,
2996,2,0,38,490,4,135,5,,
2997,1,0,38,491,4,135,6,,
2998,2,0,38,492,4,135,5,,
2999,2,0,38,493,4,135,5,,
3000,1,0,38,494,4,135,7,,
3001,2,0,38,495,4,135,4,,
3002,1,0,38,496,4,135,7,,
3003,2,0,38,497,4,135,5,,
3004,2,0,38,498,4,135,5,,
3005,3,0,38,499,4,135,4,,
3006,1,0,38,500,4,135,5,,
3007,1,0,38,501,4,135,6,,
3008,2,0,38,502,4,135,6,,
3009,3,0,38,503,4,135,3,,
3010,0,0,38,504,4,135,7,,
3011,4,0,38,487,8,136,5,,
3012,3,0,38,488,8,136,6,,
3013,4,0,38,489,8,136,4,,
3014,3,0,38,490,8,136,6,,
3015,3,0,38,491,8,136,6,,
3016,3,0,38,492,8,136,6,,
3017,3,0,38,493,8,136,6,,
3018,2,0,38,494,8,136,8,,
3019,2,0,38,495,8,136,6,,
3020,2,0,38,496,8,136,8,,
3021,4,0,38,497,8,136,5,,
3022,0,0,38,498,8,136,9,,
3023,1,0,38,499,8,136,9,,
3024,1,0,38,500,8,136,7,,
3025,3,0,38,501,8,136,6,,
3026,3,0,38,502,8,136,7,,
3027,2,0,38,503,8,136,6,,
3028,2,0,38,504,8,136,7,,
3029,2,0,39,361,4,160,6,,
3030,2,0,39,362,4,160,4,,
3031,2,0,39,363,4,160,5,,
3032,3,0,39,364,4,160,4,,
3033,2,0,39,365,4,160,5,,
3034,3,0,39,366,4,160,4,,
3035,2,0,39,367,4,160,5,,
3036,2,0,39,368,4,160,6,,
3037,2,0,39,369,4,160,4,,
3038,1,0,39,370,4,160,6,,
3039,3,0,39,371,4,160,5,,
3040,2,0,39,372,4,160,4,,
3041,3,0,39,373,4,160,5,,
3042,1,0,39,374,4,160,7,,
3043,3,0,39,375,4,160,3,,
3044,2,0,39,376,4,160,5,,
3045,1,0,39,377,4,160,5,,
3046,2,0,39,378,4,160,5,,
3047,3,0,39,361,7,161,5,,
3048,0,0,39,362,7,161,6,,
3049,3,0,39,363,7,161,5,,
3050,0,0,39,364,7,161,7,,
3051,1,0,39,365,7,161,7,,
3052,0,0,39,366,7,161,8,,
3053,0,0,39,367,7,161,8,,
3054,0,0,39,368,7,161,8,,
3055,1,0,39,369,7,161,5,,
3056,0,0,39,370,7,161,8,,
3057,1,0,39,371,7,161,8,,
3058,2,1,39,372,7,161,4,,
3059,2,0,39,373,7,161,6,,
3060,5,0,39,374,7,161,4,,
3061,1,1,39,375,7,161,5,,
3062,0,0,39,376,7,161,8,,
3063,0,0,39,377,7,161,8,,
3064,1,0,39,378,7,161,6,,
3065,0,0,39,361,9,162,10,,
3066,3,0,39,362,9,162,5,,
3067,1,0,39,363,9,162,9,,
3068,3,0,39,364,9,162,6,,
3069,0,0,39,365,9,162,11,,
3070,2,0,39,366,9,162,8,,
3071,1,1,39,367,9,162,8,,
3072,2,0,39,368,9,162,8,,
3073,2,0,39,369,9,162,6,,
3074,2,0,39,370,9,162,8,,
3075,1,0,39,371,9,162,10,,
3076,2,0,39,372,9,162,6,,
3077,2,0,39,373,9,162,8,,
3078,3,0,39,374,9,162,8,,
3079,0,0,39,375,9,162,8,,
3080,1,0,39,376,9,162,9,,
3081,0,0,39,377,9,162,8,,
3082,0,0,39,378,9,162,9,,
3083,0,0,39,361,10,163,8,,
3084,1,0,39,362,10,163,5,,
3085,3,0,39,363,10,163,5,,
3086,2,1,39,364,10,163,5,,
3087,1,0,39,365,10,163,7,,
3088,3,0,39,366,10,163,5,,
3089,0,0,39,367,10,163,7,,
3090,2,0,39,368,10,163,6,,
3091,0,0,39,369,10,163,6,,
3092,4,0,39,370,10,163,4,,
3093,1,0,39,371,10,163,8,,
3094,2,0,39,372,10,163,4,,
3095,0,0,39,373,10,163,9,,
3096,2,0,39,374,10,163,7,,
3097,0,0,39,375,10,163,6,,
3098,1,0,39,376,10,163,7,,
3099,0,0,39,377,10,163,6,,
3100,2,0,39,378,10,163,5,,
3101,1,0,40,361,1,157,7,,
3102,2,0,40,362,1,157,4,,
3103,1,0,40,363,1,157,7,,
3104,2,0,40,364,1,157,5,,
3105,1,0,40,365,1,157,7,,
3106,2,0,40,366,1,157,5,,
3107,3,0,40,367,1,157,4,,
3108,3,0,40,368,1,157,5,,
3109,3,0,40,369,1,157,3,,
3110,4,0,40,370,1,157,4,,
3111,2,0,40,371,1,157,7,,
3112,2,0,40,372,1,157,4,,
3113,3,0,40,373,1,157,5,,
3114,4,0,40,374,1,157,4,,
3115,2,0,40,375,1,157,4,,
3116,3,0,40,376,1,157,4,,
3117,1,0,40,377,1,157,5,,
3118,2,0,40,378,1,157,5,,
3119,2,0,40,361,5,158,5,,
3120,2,0,40,362,5,158,3,,
3121,2,0,40,363,5,158,4,,
3122,3,0,40,364,5,158,3,,
3123,2,0,40,365,5,158,4,,
3124,2,0,40,366,5,158,4,,
3125,2,0,40,367,5,158,4,,
3126,3,0,40,368,5,158,4,,
3127,2,0,40,369,5,158,3,,
3128,1,0,40,370,5,158,5,,
3129,2,0,40,371,5,158,6,,
3130,2,0,40,372,5,158,3,,
3131,1,0,40,373,5,158,6,,
3132,2,0,40,374,5,158,5,,
3133,3,0,40,375,5,158,2,,
3134,2,0,40,376,5,158,4,,
3135,2,0,40,377,5,158,3,,
3136,1,0,40,378,5,158,5,,
3137,3,0,40,361,6,159,6,,
3138,1,0,40,362,6,159,6,,
3139,0,0,40,363,6,159,8,,
3140,3,0,40,364,6,159,5,,
3141,2,1,40,365,6,159,6,,
3142,3,0,40,366,6,159,5,,
3143,3,0,40,367,6,159,5,,
3144,0,0,40,368,6,159,8,,
3145,3,0,40,369,6,159,4,,
3146,1,0,40,370,6,159,7,,
3147,1,0,40,371,6,159,8,,
3148,0,1,40,372,6,159,6,,
3149,2,0,40,373,6,159,7,,
3150,2,0,40,374,6,159,7,,
3151,2,0,40,375,6,159,5,,
3152,2,0,40,376,6,159,6,,
3153,0,0,40,377,6,159,7,,
3154,1,0,40,378,6,159,7,,
3155,3,0,41,343,1,142,4,0,1
3156,3,0,41,344,1,142,3,-1,1
3157,1,0,41,345,1,142,6,1,1
3158,2,0,41,346,1,142,3,-1,1
3159,1,0,41,347,1,142,6,1,1
3160,3,0,41,348,1,142,5,0,1
3161,3,0,41,349,1,142,4,-1,1
3162,3,0,41,350,1,142,3,1,1
3163,0,0,41,351,1,142,7,0,1
3164,2,0,41,352,1,142,4,1,1
3165,2,0,41,353,1,142,4,-1,1
3166,1,0,41,354,1,142,5,0,1
3167,1,0,41,355,1,142,6,1,1
3168,3,0,41,356,1,142,4,0,1
3169,2,0,41,357,1,142,5,-1,1
3170,2,0,41,358,1,142,5,-1,1
3171,3,0,41,359,1,142,3,0,1
3172,0,0,41,360,1,142,7,0,1
3173,0,0,41,343,4,143,7,0,1
3174,2,0,41,344,4,143,4,-1,1
3175,3,0,41,345,4,143,4,1,1
3176,2,0,41,346,4,143,3,-1,1
3177,0,0,41,347,4,143,7,1,1
3178,0,0,41,348,4,143,7,0,1
3179,3,0,41,349,4,143,4,-1,1
3180,3,0,41,350,4,143,3,1,1
3181,1,0,41,351,4,143,6,0,1
3182,2,0,41,352,4,143,4,1,1
3183,2,0,41,353,4,143,4,-1,1
3184,3,0,41,354,4,143,3,0,1
3185,2,0,41,355,4,143,5,1,1
3186,3,0,41,356,4,143,4,0,1
3187,1,0,41,357,4,143,5,-1,1
3188,0,0,41,358,4,143,6,-1,1
3189,2,0,41,359,4,143,4,0,1
3190,2,0,41,360,4,143,5,0,1
3191,3,0,41,343,6,144,4,0,2
3192,4,0,41,344,6,144,3,-1,2
3193,1,0,41,345,6,144,7,1,2
3194,1,0,41,346,6,144,5,-1,2
3195,0,0,41,347,6,144,8,1,2
3196,1,0,41,348,6,144,7,0,2
3197,3,0,41,349,6,144,5,-1,2
3198,2,0,41,350,6,144,4,1,2
3199,1,0,41,351,6,144,6,0,2
3200,1,0,41,352,6,144,6,1,2
3201,2,0,41,353,6,144,5,-1,2
3202,2,0,41,354,6,144,4,0,2
3203,1,0,41,355,6,144,7,1,2
3204,2,0,41,356,6,144,5,0,2
3205,2,0,41,357,6,144,5,-1,2
3206,1,0,41,358,6,144,6,-1,2
3207,3,0,41,359,6,144,4,0,2
3208,0,0,41,360,6,144,7,0,2
3209,1,0,41,343,8,145,7,0,2
3210,4,0,41,344,8,145,3,-1,2
3211,0,0,41,345,8,145,8,1,2
3212,4,0,41,346,8,145,3,-1,2
3213,0,0,41,347,8,145,8,1,2
3214,3,0,41,348,8,145,6,0,2
3215,4,0,41,349,8,145,4,-1,2
3216,0,0,41,350,8,145,7,1,2
3217,0,0,41,351,8,145,8,0,2
3218,1,0,41,352,8,145,6,1,2
3219,4,0,41,353,8,145,4,-1,2
3220,3,0,41,354,8,145,4,0,2
3221,1,0,41,355,8,145,7,1,2
3222,3,0,41,356,8,145,5,0,2
3223,3,0,41,357,8,145,5,-1,2
3224,3,0,41,358,8,145,5,-1,2
3225,3,0,41,359,8,145,4,0,2
3226,2,0,41,360,8,145,6,0,2
3227,2,0,42,487,1,140,5,,
3228,1,0,42,488,1,140,6,,
3229,2,0,42,489,1,140,4,,
3230,1,0,42,490,1,140,6,,
3231,3,0,42,491,1,140,4,,
3232,3,0,42,492,1,140,5,,
3233,2,0,42,493,1,140,5,,
3234,3,0,42,494,1,140,5,,
3235,1,0,42,495,1,140,5,,
3236,2,0,42,496,1,140,6,,
3237,3,0,42,497,1,140,4,,
3238,1,0,42,498,1,140,6,,
3239,2,0,42,499,1,140,6,,
3240,3,0,42,500,1,140,3,,
3241,1,0,42,501,1,140,6,,
3242,0,0,42,502,1,140,8,,
3243,2,0,42,503,1,140,4,,
3244,3,0,42,504,1,140,5,,
3245,4,0,42,487,4,141,3,,
3246,0,0,42,488,4,141,7,,
3247,2,0,42,489,4,141,3,,
3248,2,0,42,490,4,141,5,,
3249,2,0,42,491,4,141,5,,
3250,3,0,42,492,4,141,4,,
3251,3,0,42,493,4,141,4,,
3252,2,0,42,494,4,141,6,,
3253,2,0,42,495,4,141,4,,
3254,2,0,42,496,4,141,6,,
3255,0,0,42,497,4,141,7,,
3256,3,0,42,498,4,141,4,,
3257,3,0,42,499,4,141,4,,
3258,3,0,42,500,4,141,3,,
3259,2,0,42,501,4,141,5,,
3260,2,0,42,502,4,141,6,,
3261,1,0,42,503,4,141,5,,
3262,2,0,42,504,4,141,5,,
3299,2,0,44,307,1,134,5,,
3300,2,0,44,308,1,134,5,,
3301,2,0,44,309,1,134,4,,
3302,0,0,44,310,1,134,7,,
3303,1,0,44,311,1,134,7,,
3304,0,0,44,312,1,134,5,,
3305,1,0,44,313,1,134,6,,
3306,1,0,44,314,1,134,6,,
3307,4,0,44,315,1,134,4,,
3308,2,0,44,316,1,134,5,,
3309,0,0,44,317,1,134,7,,
3310,2,0,44,318,1,134,4,,
3311,2,1,44,319,1,134,5,,
3312,2,0,44,320,1,134,6,,
3313,0,0,44,321,1,134,7,,
3314,2,0,44,322,1,134,5,,
3315,3,0,44,323,1,134,3,,
3316,3,0,44,324,1,134,5,,
3317,1,0,44,307,4,135,5,,
3318,1,0,44,308,4,135,6,,
3319,3,0,44,309,4,135,3,,
3320,0,1,44,310,4,135,7,,
3321,2,0,44,311,4,135,6,,
3322,1,0,44,312,4,135,4,,
3323,2,0,44,313,4,135,5,,
3324,3,0,44,314,4,135,4,,
3325,3,0,44,315,4,135,5,,
3326,2,0,44,316,4,135,5,,
3327,2,0,44,317,4,135,4,,
3328,2,0,44,318,4,135,4,,
3329,4,0,44,319,4,135,3,,
3330,5,0,44,320,4,135,3,,
3331,2,0,44,321,4,135,5,,
3332,2,0,44,322,4,135,5,,
3333,1,0,44,323,4,135,4,,
3334,2,0,44,324,4,135,6,,
3335,2,0,44,307,8,136,6,,
3336,3,0,44,308,8,136,6,,
3337,4,0,44,309,8,136,3,,
3338,0,0,44,310,8,136,9,,
3339,3,0,44,311,8,136,7,,
3340,4,0,44,312,8,136,3,,
3341,1,0,44,313,8,136,8,,
3342,2,0,44,314,8,136,7,,
3343,2,0,44,315,8,136,8,,
3344,3,0,44,316,8,136,6,,
3345,2,0,44,317,8,136,6,,
3346,4,0,44,318,8,136,4,,
3347,4,0,44,319,8,136,5,,
3348,4,0,44,320,8,136,6,,
3349,3,0,44,321,8,136,6,,
3350,3,0,44,322,8,136,6,,
3351,3,0,44,323,8,136,4,,
3352,6,0,44,324,8,136,4,,
3353,2,0,45,73,1,172,5,,
3354,0,0,45,74,1,172,8,,
3355,3,0,45,75,1,172,3,,
3356,3,0,45,76,1,172,3,,
3357,1,0,45,77,1,172,6,,
3358,2,1,45,78,1,172,5,,
3359,4,0,45,79,1,172,4,,
3360,2,0,45,80,1,172,5,,
3361,3,0,45,81,1,172,4,,
3362,3,0,45,82,1,172,4,,
3363,3,0,45,83,1,172,4,,
3364,3,0,45,84,1,172,3,,
3365,2,0,45,85,1,172,6,,
3366,3,0,45,86,1,172,3,,
3367,3,0,45,87,1,172,6,,
3368,2,0,45,88,1,172,5,,
3369,3,0,45,89,1,172,3,,
3370,0,0,45,90,1,172,7,,
3371,2,0,45,73,11,173,5,,
3372,3,0,45,74,11,173,5,,
3373,2,0,45,75,11,173,4,,
3374,3,0,45,76,11,173,3,,
3375,0,0,45,77,11,173,7,,
3376,1,0,45,78,11,173,6,,
3377,1,0,45,79,11,173,7,,
3378,2,1,45,80,11,173,5,,
3379,3,0,45,81,11,173,5,,
3380,1,0,45,82,11,173,6,,
3381,2,0,45,83,11,173,5,,
3382,2,0,45,84,11,173,4,,
3383,2,0,45,85,11,173,7,,
3384,3,0,45,86,11,173,3,,
3385,2,0,45,87,11,173,7,,
3386,1,0,45,88,11,173,7,,
3387,2,0,45,89,11,173,4,,
3388,1,0,45,90,11,173,6,,
3461,1,0,47,199,1,167,6,1,1
3462,3,0,47,200,1,167,5,0,1
3463,0,1,47,201,1,167,6,0,1
3464,3,0,47,202,1,167,5,1,1
3465,3,0,47,203,1,167,5,0,1
3466,1,0,47,204,1,167,5,1,1
3467,2,0,47,205,1,167,6,1,1
3468,1,1,47,206,1,167,6,1,1
3469,1,0,47,207,1,167,7,0,1
3470,1,0,47,208,1,167,6,-1,1
3471,2,0,47,209,1,167,5,1,1
3472,3,0,47,210,1,167,3,1,1
3473,4,0,47,211,1,167,5,1,1
3474,1,0,47,212,1,167,6,-1,1
3475,2,0,47,213,1,167,4,0,1
3476,2,0,47,214,1,167,6,1,1
3477,0,0,47,215,1,167,8,-1,1
3478,1,1,47,216,1,167,7,-1,1
3479,2,0,47,199,2,168,4,1,2
3480,3,0,47,200,2,168,4,0,2
3481,2,0,47,201,2,168,3,0,2
3482,2,0,47,202,2,168,5,1,2
3483,3,0,47,203,2,168,4,0,2
3484,1,0,47,204,2,168,5,1,2
3485,2,0,47,205,2,168,5,1,2
3486,0,0,47,206,2,168,6,1,2
3487,3,0,47,207,2,168,4,0,2
3488,2,0,47,208,2,168,4,-1,2
3489,0,0,47,209,2,168,6,1,2
3490,1,0,47,210,2,168,4,1,2
3491,3,0,47,211,2,168,5,1,2
3492,1,0,47,212,2,168,5,-1,2
3493,2,0,47,213,2,168,4,0,2
3494,1,1,47,214,2,168,6,1,2
3495,2,0,47,215,2,168,5,-1,2
3496,3,0,47,216,2,168,5,-1,2
3497,3,0,47,199,4,169,4,1,1
3498,1,1,47,200,4,169,6,0,1
3499,2,0,47,201,4,169,4,0,1
3500,3,0,47,202,4,169,5,1,1
3501,2,0,47,203,4,169,6,0,1
3502,3,0,47,204,4,169,3,1,1
3503,3,0,47,205,4,169,5,1,1
3504,3,0,47,206,4,169,4,1,1
3505,3,0,47,207,4,169,4,0,1
3506,2,0,47,208,4,169,5,-1,1
3507,1,1,47,209,4,169,6,1,1
3508,2,0,47,210,4,169,4,1,1
3509,3,0,47,211,4,169,5,1,1
3510,0,0,47,212,4,169,7,-1,1
3511,2,0,47,213,4,169,4,0,1
3512,3,0,47,214,4,169,5,1,1
3513,1,0,47,215,4,169,6,-1,1
3514,3,0,47,216,4,169,5,-1,1
3515,0,0,47,199,5,170,6,1,2
3516,0,0,47,200,5,170,6,0,2
3517,1,0,47,201,5,170,4,0,2
3518,2,0,47,202,5,170,5,1,2
3519,3,0,47,203,5,170,4,0,2
3520,2,0,47,204,5,170,3,1,2
3521,2,0,47,205,5,170,5,1,2
3522,1,0,47,206,5,170,5,1,2
3523,3,0,47,207,5,170,3,0,2
3524,3,0,47,208,5,170,3,-1,2
3525,1,0,47,209,5,170,5,1,2
3526,2,0,47,210,5,170,3,1,2
3527,3,1,47,211,5,170,5,1,2
3528,2,0,47,212,5,170,4,-1,2
3529,2,0,47,213,5,170,3,0,2
3530,2,0,47,214,5,170,5,1,2
3531,1,0,47,215,5,170,5,-1,2
3532,4,0,47,216,5,170,3,-1,2
3533,3,0,48,253,1,167,4,-1,2
3534,2,0,48,254,1,167,6,1,2
3535,4,0,48,255,1,167,3,-1,2
3536,3,0,48,256,1,167,5,0,2
3537,1,1,48,257,1,167,7,1,2
3538,1,0,48,258,1,167,6,1,2
3539,3,0,48,259,1,167,5,1,2
3540,1,0,48,260,1,167,5,1,2
3541,2,0,48,261,1,167,6,1,2
3542,3,0,48,262,1,167,4,-1,2
3543,1,1,48,263,1,167,6,1,2
3544,2,0,48,264,1,167,6,0,2
3545,3,1,48,265,1,167,5,-1,2
3546,1,0,48,266,1,167,5,1,2
3547,4,0,48,267,1,167,4,-1,2
3548,1,0,48,268,1,167,7,1,2
3549,1,0,48,269,1,167,5,0,2
3550,4,0,48,270,1,167,4,-1,2
3551,2,0,48,253,2,168,4,-1,2
3552,2,0,48,254,2,168,5,1,2
3553,2,1,48,255,2,168,4,-1,2
3554,1,0,48,256,2,168,6,0,2
3555,2,0,48,257,2,168,6,1,2
3556,0,0,48,258,2,168,6,1,2
3557,3,1,48,259,2,168,4,1,2
3558,1,0,48,260,2,168,4,1,2
3559,1,1,48,261,2,168,6,1,2
3560,2,0,48,262,2,168,5,-1,2
3561,1,0,48,263,2,168,5,1,2
3562,0,0,48,264,2,168,7,0,2
3563,1,0,48,265,2,168,6,-1,2
3564,1,0,48,266,2,168,4,1,2
3565,0,0,48,267,2,168,7,-1,2
3566,0,0,48,268,2,168,8,1,2
3567,2,1,48,269,2,168,3,0,2
3568,0,0,48,270,2,168,7,-1,2
3569,2,0,48,253,4,169,5,-1,1
3570,3,0,48,254,4,169,5,1,1
3571,2,0,48,255,4,169,4,-1,1
3572,1,1,48,256,4,169,6,0,1
3573,3,0,48,257,4,169,5,1,1
3574,3,0,48,258,4,169,4,1,1
3575,4,0,48,259,4,169,4,1,1
3576,1,0,48,260,4,169,5,1,1
3577,2,0,48,261,4,169,6,1,1
3578,2,0,48,262,4,169,5,-1,1
3579,1,0,48,263,4,169,6,1,1
3580,2,1,48,264,4,169,6,0,1
3581,2,0,48,265,4,169,5,-1,1
3582,2,0,48,266,4,169,4,1,1
3583,2,0,48,267,4,169,5,-1,1
3584,2,0,48,268,4,169,6,1,1
3585,1,0,48,269,4,169,5,0,1
3586,3,1,48,270,4,169,5,-1,1
3587,2,0,48,253,5,170,4,-1,1
3588,1,0,48,254,5,170,5,1,1
3589,1,0,48,255,5,170,4,-1,1
3590,3,0,48,256,5,170,3,0,1
3591,2,0,48,257,5,170,5,1,1
3592,3,0,48,258,5,170,3,1,1
3593,2,0,48,259,5,170,5,1,1
3594,2,0,48,260,5,170,3,1,1
3595,3,0,48,261,5,170,4,1,1
3596,2,1,48,262,5,170,4,-1,1
3597,2,0,48,263,5,170,4,1,1
3598,2,0,48,264,5,170,5,0,1
3599,2,0,48,265,5,170,4,-1,1
3600,1,0,48,266,5,170,4,1,1
3601,2,0,48,267,5,170,4,-1,1
3602,2,0,48,268,5,170,5,1,1
3603,2,0,48,269,5,170,3,0,1
3604,3,0,48,270,5,170,4,-1,1
3605,0,0,49,559,1,167,7,0,2
3606,3,0,49,560,1,167,3,-1,2
3607,1,1,49,561,1,167,6,1,2
3608,3,0,49,562,1,167,4,-1,2
3609,3,0,49,563,1,167,4,-1,2
3610,1,0,49,564,1,167,7,1,2
3611,4,0,49,565,1,167,3,-1,2
3612,2,0,49,566,1,167,5,1,2
3613,3,0,49,567,1,167,6,0,2
3614,0,0,49,568,1,167,7,0,2
3615,0,0,49,569,1,167,8,0,2
3616,1,0,49,570,1,167,5,1,2
3617,4,0,49,571,1,167,4,-1,2
3618,2,0,49,572,1,167,5,0,2
3619,1,0,49,573,1,167,7,1,2
3620,3,0,49,574,1,167,5,-1,2
3621,3,0,49,575,1,167,4,-1,2
3622,2,0,49,576,1,167,5,0,2
3623,2,0,49,559,2,168,4,0,1
3624,1,0,49,560,2,168,4,-1,1
3625,2,0,49,561,2,168,4,1,1
3626,1,0,49,562,2,168,5,-1,1
3627,0,0,49,563,2,168,7,-1,1
3628,1,0,49,564,2,168,6,1,1
3629,3,0,49,565,2,168,3,-1,1
3630,2,0,49,566,2,168,5,1,1
3631,3,0,49,567,2,168,5,0,1
3632,0,0,49,568,2,168,7,0,1
3633,1,0,49,569,2,168,6,0,1
3634,1,0,49,570,2,168,4,1,1
3635,1,0,49,571,2,168,6,-1,1
3636,0,0,49,572,2,168,6,0,1
3637,3,0,49,573,2,168,4,1,1
3638,2,0,49,574,2,168,5,-1,1
3639,2,0,49,575,2,168,4,-1,1
3640,2,0,49,576,2,168,4,0,1
3641,2,0,49,559,4,169,5,0,1
3642,2,0,49,560,4,169,4,-1,1
3643,3,0,49,561,4,169,4,1,1
3644,1,0,49,562,4,169,6,-1,1
3645,1,1,49,563,4,169,6,-1,1
3646,2,0,49,564,4,169,6,1,1
3647,2,0,49,565,4,169,4,-1,1
3648,3,0,49,566,4,169,4,1,1
3649,3,0,49,567,4,169,5,0,1
3650,1,0,49,568,4,169,6,0,1
3651,2,0,49,569,4,169,6,0,1
3652,4,0,49,570,4,169,2,1,1
3653,1,1,49,571,4,169,6,-1,1
3654,2,0,49,572,4,169,5,0,1
3655,2,0,49,573,4,169,6,1,1
3656,2,0,49,574,4,169,6,-1,1
3657,2,0,49,575,4,169,4,-1,1
3658,2,0,49,576,4,169,5,0,1
3659,2,0,49,559,5,170,4,0,2
3660,2,0,49,560,5,170,3,-1,2
3661,2,0,49,561,5,170,4,1,2
3662,2,0,49,562,5,170,4,-1,2
3663,1,0,49,563,5,170,5,-1,2
3664,0,0,49,564,5,170,7,1,2
3665,2,1,49,565,5,170,4,-1,2
3666,1,0,49,566,5,170,5,1,2
3667,3,0,49,567,5,170,4,0,2
3668,1,0,49,568,5,170,5,0,2
3669,2,0,49,569,5,170,5,0,2
3670,2,0,49,570,5,170,3,1,2
3671,3,0,49,571,5,170,3,-1,2
3672,2,0,49,572,5,170,4,0,2
3673,1,0,49,573,5,170,6,1,2
3674,2,0,49,574,5,170,5,-1,2
3675,1,0,49,575,5,170,4,-1,2
3676,2,0,49,576,5,170,4,0,2
3677,2,0,50,199,1,167,5,1,2
3678,3,0,50,200,1,167,5,-1,2
3679,2,0,50,201,1,167,4,0,2
3680,2,0,50,202,1,167,6,1,2
3681,3,0,50,203,1,167,5,0,2
3682,1,0,50,204,1,167,5,0,2
3683,2,0,50,205,1,167,6,1,2
3684,0,0,50,206,1,167,7,0,2
3685,3,0,50,207,1,167,5,0,2
3686,3,0,50,208,1,167,4,-1,2
3687,3,0,50,209,1,167,4,-1,2
3688,1,0,50,210,1,167,5,0,2
3689,3,0,50,211,1,167,6,0,2
3690,2,0,50,212,1,167,5,0,2
3691,2,0,50,213,1,167,4,1,2
3692,3,0,50,214,1,167,5,0,2
3693,4,0,50,215,1,167,4,-1,2
3694,2,0,50,216,1,167,6,-1,2
3695,2,0,50,199,2,168,4,1,2
3696,1,0,50,200,2,168,6,-1,2
3697,2,0,50,201,2,168,3,0,2
3698,1,0,50,202,2,168,6,1,2
3699,2,0,50,203,2,168,5,0,2
3700,2,0,50,204,2,168,4,0,2
3701,2,0,50,205,2,168,5,1,2
3702,2,0,50,206,2,168,4,0,2
3703,3,0,50,207,2,168,4,0,2
3704,2,0,50,208,2,168,4,-1,2
3705,3,0,50,209,2,168,3,-1,2
3706,3,0,50,210,2,168,2,0,2
3707,3,0,50,211,2,168,5,0,2
3708,3,0,50,212,2,168,3,0,2
3709,1,1,50,213,2,168,5,1,2
3710,3,1,50,214,2,168,4,0,2
3711,3,1,50,215,2,168,4,-1,2
3712,3,0,50,216,2,168,5,-1,2
3713,3,0,50,199,4,169,4,1,1
3714,2,0,50,200,4,169,5,-1,1
3715,2,0,50,201,4,169,4,0,1
3716,3,1,50,202,4,169,5,1,1
3717,3,0,50,203,4,169,5,0,1
3718,0,0,50,204,4,169,6,0,1
3719,2,0,50,205,4,169,6,1,1
3720,0,1,50,206,4,169,7,0,1
3721,3,0,50,207,4,169,4,0,1
3722,2,0,50,208,4,169,5,-1,1
3723,1,1,50,209,4,169,6,-1,1
3724,3,0,50,210,4,169,3,0,1
3725,2,0,50,211,4,169,6,0,1
3726,3,0,50,212,4,169,4,0,1
3727,3,0,50,213,4,169,3,1,1
3728,0,0,50,214,4,169,8,0,1
3729,2,0,50,215,4,169,5,-1,1
3730,1,0,50,216,4,169,7,-1,1
3731,1,0,50,199,5,170,5,1,1
3732,2,0,50,200,5,170,4,-1,1
3733,2,0,50,201,5,170,3,0,1
3734,2,0,50,202,5,170,5,1,1
3735,3,0,50,203,5,170,4,0,1
3736,2,0,50,204,5,170,3,0,1
3737,3,0,50,205,5,170,4,1,1
3738,2,0,50,206,5,170,4,0,1
3739,1,0,50,207,5,170,5,0,1
3740,2,0,50,208,5,170,4,-1,1
3741,2,0,50,209,5,170,4,-1,1
3742,2,0,50,210,5,170,3,0,1
3743,3,0,50,211,5,170,5,0,1
3744,2,0,50,212,5,170,4,0,1
3745,2,0,50,213,5,170,3,1,1
3746,3,0,50,214,5,170,4,0,1
3747,2,0,50,215,5,170,4,-1,1
3748,2,0,50,216,5,170,5,-1,1
3893,2,1,53,253,1,167,5,0,2
3894,4,0,53,254,1,167,4,-1,2
3895,4,0,53,255,1,167,3,-1,2
3896,3,0,53,256,1,167,5,0,2
3897,2,0,53,257,1,167,6,0,2
3898,2,0,53,258,1,167,5,1,2
3899,3,0,53,259,1,167,5,0,2
3900,2,0,53,260,1,167,4,1,2
3901,1,0,53,261,1,167,7,1,2
3902,2,0,53,262,1,167,5,0,2
3903,2,0,53,263,1,167,5,0,2
3904,2,0,53,264,1,167,6,-1,2
3905,2,0,53,265,1,167,6,0,2
3906,0,0,53,266,1,167,6,0,2
3907,4,0,53,267,1,167,4,-1,2
3908,2,1,53,268,1,167,6,1,2
3909,3,0,53,269,1,167,3,-1,2
3910,2,0,53,270,1,167,6,1,2
3911,2,0,53,253,2,168,4,0,1
3912,2,0,53,254,2,168,5,-1,1
3913,3,0,53,255,2,168,3,-1,1
3914,3,0,53,256,2,168,4,0,1
3915,3,0,53,257,2,168,5,0,1
3916,3,0,53,258,2,168,3,1,1
3917,3,0,53,259,2,168,4,0,1
3918,2,0,53,260,2,168,3,1,1
3919,3,0,53,261,2,168,4,1,1
3920,2,0,53,262,2,168,5,0,1
3921,2,0,53,263,2,168,4,0,1
3922,2,0,53,264,2,168,5,-1,1
3923,2,0,53,265,2,168,5,0,1
3924,1,0,53,266,2,168,4,0,1
3925,3,0,53,267,2,168,4,-1,1
3926,3,0,53,268,2,168,4,1,1
3927,1,1,53,269,2,168,4,-1,1
3928,2,0,53,270,2,168,5,1,1
3929,2,0,53,253,4,169,5,0,1
3930,3,0,53,254,4,169,5,-1,1
3931,2,0,53,255,4,169,4,-1,1
3932,0,0,53,256,4,169,7,0,1
3933,2,0,53,257,4,169,6,0,1
3934,1,0,53,258,4,169,6,1,1
3935,2,0,53,259,4,169,6,0,1
3936,3,0,53,260,4,169,3,1,1
3937,2,0,53,261,4,169,6,1,1
3938,2,0,53,262,4,169,5,0,1
3939,3,0,53,263,4,169,4,0,1
3940,2,1,53,264,4,169,6,-1,1
3941,2,0,53,265,4,169,5,0,1
3942,1,0,53,266,4,169,5,0,1
3943,2,0,53,267,4,169,5,-1,1
3944,3,0,53,268,4,169,5,1,1
3945,2,0,53,269,4,169,4,-1,1
3946,3,0,53,270,4,169,5,1,1
3947,2,0,53,253,5,170,4,0,2
3948,1,0,53,254,5,170,5,-1,2
3949,0,1,53,255,5,170,5,-1,2
3950,1,0,53,256,5,170,5,0,2
3951,3,0,53,257,5,170,4,0,2
3952,2,0,53,258,5,170,4,1,2
3953,2,0,53,259,5,170,5,0,2
3954,2,0,53,260,5,170,3,1,2
3955,2,0,53,261,5,170,5,1,2
3956,1,0,53,262,5,170,5,0,2
3957,3,0,53,263,5,170,3,0,2
3958,3,0,53,264,5,170,4,-1,2
3959,2,0,53,265,5,170,4,0,2
3960,1,0,53,266,5,170,4,0,2
3961,3,0,53,267,5,170,3,-1,2
3962,2,0,53,268,5,170,5,1,2
3963,1,0,53,269,5,170,4,-1,2
3964,2,0,53,270,5,170,5,1,2
4001,1,0,55,451,1,142,6,1,2
4002,2,0,55,452,1,142,4,-1,2
4003,2,0,55,453,1,142,5,1,2
4004,0,0,55,454,1,142,8,0,2
4005,0,1,55,455,1,142,8,0,2
4006,2,0,55,456,1,142,4,0,2
4007,3,0,55,457,1,142,5,-1,2
4008,3,0,55,458,1,142,5,-1,2
4009,0,0,55,459,1,142,7,0,2
4010,0,0,55,460,1,142,7,-1,2
4011,2,0,55,461,1,142,4,1,2
4012,1,0,55,462,1,142,7,-1,2
4013,0,0,55,463,1,142,8,1,2
4014,0,0,55,464,1,142,8,0,2
4015,3,0,55,465,1,142,5,0,2
4016,3,0,55,466,1,142,5,-1,2
4017,1,0,55,467,1,142,5,1,2
4018,0,0,55,468,1,142,7,1,2
4019,2,0,55,451,4,143,5,1,1
4020,2,0,55,452,4,143,4,-1,1
4021,3,0,55,453,4,143,4,1,1
4022,0,0,55,454,4,143,7,0,1
4023,2,0,55,455,4,143,6,0,1
4024,3,0,55,456,4,143,3,0,1
4025,1,0,55,457,4,143,7,-1,1
4026,0,0,55,458,4,143,7,-1,1
4027,2,0,55,459,4,143,5,0,1
4028,0,0,55,460,4,143,7,-1,1
4029,2,0,55,461,4,143,4,1,1
4030,0,0,55,462,4,143,8,-1,1
4031,2,0,55,463,4,143,5,1,1
4032,2,0,55,464,4,143,6,0,1
4033,3,0,55,465,4,143,5,0,1
4034,1,0,55,466,4,143,6,-1,1
4035,3,0,55,467,4,143,3,1,1
4036,0,0,55,468,4,143,7,1,1
4037,1,0,55,451,6,144,7,1,2
4038,4,0,55,452,6,144,3,-1,2
4039,0,0,55,453,6,144,7,1,2
4040,2,0,55,454,6,144,6,0,2
4041,2,0,55,455,6,144,7,0,2
4042,3,0,55,456,6,144,4,0,2
4043,0,0,55,457,6,144,9,-1,2
4044,1,0,55,458,6,144,7,-1,2
4045,3,0,55,459,6,144,5,0,2
4046,1,0,55,460,6,144,7,-1,2
4047,2,1,55,461,6,144,5,1,2
4048,3,0,55,462,6,144,6,-1,2
4049,0,0,55,463,6,144,8,1,2
4050,3,0,55,464,6,144,5,0,2
4051,2,0,55,465,6,144,7,0,2
4052,1,0,55,466,6,144,7,-1,2
4053,1,0,55,467,6,144,5,1,2
4054,0,1,55,468,6,144,8,1,2
4055,1,0,55,451,8,145,8,1,1
4056,0,0,55,452,8,145,8,-1,1
4057,1,1,55,453,8,145,7,1,1
4058,2,0,55,454,8,145,7,0,1
4059,2,0,55,455,8,145,8,0,1
4060,0,0,55,456,8,145,7,0,1
4061,2,0,55,457,8,145,8,-1,1
4062,0,0,55,458,8,145,11,-1,1
4063,3,0,55,459,8,145,5,0,1
4064,0,0,55,460,8,145,8,-1,1
4065,4,0,55,461,8,145,4,1,1
4066,1,0,55,462,8,145,8,-1,1
4067,2,0,55,463,8,145,7,1,1
4068,3,0,55,464,8,145,6,0,1
4069,2,0,55,465,8,145,7,0,1
4070,0,0,55,466,8,145,9,-1,1
4071,0,0,55,467,8,145,7,1,1
4072,1,0,55,468,8,145,8,1,1
4073,2,0,56,343,1,178,5,1,2
4074,3,0,56,344,1,178,3,-1,2
4075,1,0,56,345,1,178,6,1,2
4076,1,0,56,346,1,178,4,-1,2
4077,0,0,56,347,1,178,7,0,2
4078,2,0,56,348,1,178,6,1,2
4079,1,0,56,349,1,178,6,0,2
4080,2,0,56,350,1,178,4,1,2
4081,2,0,56,351,1,178,5,1,2
4082,1,0,56,352,1,178,5,0,2
4083,1,0,56,353,1,178,5,1,2
4084,2,0,56,354,1,178,4,1,2
4085,3,0,56,355,1,178,4,1,2
4086,2,0,56,356,1,178,5,-1,2
4087,0,0,56,357,1,178,7,1,2
4088,1,0,56,358,1,178,6,0,2
4089,3,0,56,359,1,178,3,-1,2
4090,2,0,56,360,1,178,5,0,2
4091,3,0,56,343,4,179,4,1,1
4092,1,0,56,344,4,179,5,-1,1
4093,3,0,56,345,4,179,4,1,1
4094,1,0,56,346,4,179,4,-1,1
4095,2,0,56,347,4,179,5,0,1
4096,0,0,56,348,4,179,8,1,1
4097,1,0,56,349,4,179,6,0,1
4098,3,0,56,350,4,179,3,1,1
4099,3,0,56,351,4,179,4,1,1
4100,2,0,56,352,4,179,4,0,1
4101,3,0,56,353,4,179,3,1,1
4102,3,0,56,354,4,179,3,1,1
4103,4,0,56,355,4,179,3,1,1
4104,2,0,56,356,4,179,5,-1,1
4105,0,0,56,357,4,179,6,1,1
4106,2,0,56,358,4,179,4,0,1
4107,2,0,56,359,4,179,4,-1,1
4108,2,0,56,360,4,179,5,0,1
4109,1,0,56,343,6,180,6,1,2
4110,4,0,56,344,6,180,3,-1,2
4111,0,0,56,345,6,180,8,1,2
4112,2,0,56,346,6,180,4,-1,2
4113,2,0,56,347,6,180,6,0,2
4114,1,0,56,348,6,180,7,1,2
4115,3,0,56,349,6,180,5,0,2
4116,1,0,56,350,6,180,5,1,2
4117,2,0,56,351,6,180,5,1,2
4118,2,0,56,352,6,180,5,0,2
4119,2,0,56,353,6,180,5,1,2
4120,1,1,56,354,6,180,5,1,2
4121,2,0,56,355,6,180,6,1,2
4122,4,0,56,356,6,180,4,-1,2
4123,1,0,56,357,6,180,6,1,2
4124,2,0,56,358,6,180,5,0,2
4125,3,0,56,359,6,180,4,-1,2
4126,1,0,56,360,6,180,6,0,2
4127,0,0,56,343,10,181,8,1,1
4128,2,0,56,344,10,181,4,-1,1
4129,0,0,56,345,10,181,7,1,1
4130,0,0,56,346,10,181,6,-1,1
4131,2,0,56,347,10,181,6,0,1
4132,3,0,56,348,10,181,5,1,1
4133,3,0,56,349,10,181,4,0,1
4134,3,0,56,350,10,181,3,1,1
4135,1,0,56,351,10,181,6,1,1
4136,0,0,56,352,10,181,6,0,1
4137,2,0,56,353,10,181,5,1,1
4138,2,0,56,354,10,181,4,1,1
4139,3,0,56,355,10,181,4,1,1
4140,3,0,56,356,10,181,4,-1,1
4141,2,0,56,357,10,181,5,1,1
4142,2,0,56,358,10,181,5,0,1
4143,2,0,56,359,10,181,4,-1,1
4144,2,0,56,360,10,181,5,0,1
