id,stableford_score,sandy,golf_round_id,hole_id,player_id,strokes,handicap_index
1,0,0,1,19,1,7,13.9
2,1,0,1,20,1,4,13.9
3,2,0,1,21,1,5,13.9
4,2,0,1,22,1,6,13.9
5,2,0,1,23,1,5,13.9
6,1,0,1,24,1,7,13.9
7,2,0,1,25,1,4,13.9
8,2,0,1,26,1,5,13.9
9,1,0,1,27,1,6,13.9
10,1,0,1,28,1,6,13.9
11,2,0,1,29,1,4,13.9
12,0,0,1,30,1,7,13.9
13,3,0,1,31,1,5,13.9
14,2,0,1,32,1,5,13.9
15,2,0,1,33,1,5,13.9
16,2,0,1,34,1,3,13.9
17,2,0,1,35,1,5,13.9
18,1,0,1,36,1,7,13.9
19,1,0,2,37,1,7,13.9
20,2,0,2,38,1,5,13.9
21,1,0,2,39,1,5,13.9
22,2,0,2,40,1,5,13.9
23,0,0,2,41,1,7,13.9
24,0,0,2,42,1,6,13.9
25,2,0,2,43,1,5,13.9
26,2,0,2,44,1,5,13.9
27,3,0,2,45,1,4,13.9
28,0,0,2,46,1,7,13.9
29,0,0,2,47,1,8,13.9
30,1,0,2,48,1,6,13.9
31,1,0,2,49,1,4,13.9
32,1,0,2,50,1,6,13.9
33,2,0,2,51,1,5,13.9
34,0,0,2,52,1,8,13.9
35,3,0,2,53,1,3,13.9
36,0,0,2,54,1,7,13.9
37,1,0,3,37,1,7,13.9
38,1,0,3,38,1,6,13.9
39,1,0,3,39,1,5,13.9
40,2,0,3,40,1,5,13.9
41,2,0,3,41,1,5,13.9
42,2,0,3,42,1,4,13.9
43,2,0,3,43,1,5,13.9
44,2,0,3,44,1,5,13.9
45,3,0,3,45,1,4,13.9
46,0,0,3,46,1,7,13.9
47,2,0,3,47,1,6,13.9
48,0,0,3,48,1,7,13.9
49,2,0,3,49,1,3,13.9
50,0,0,3,50,1,7,13.9
51,0,0,3,51,1,7,13.9
52,0,0,3,52,1,8,13.9
53,2,0,3,53,1,4,13.9
54,0,0,3,54,1,7,13.9
55,0,0,4,55,1,8,13.9
56,0,0,4,56,1,7,13.9
57,1,0,4,57,1,5,13.9
58,2,0,4,58,1,5,13.9
59,0,0,4,59,1,8,13.9
60,2,0,4,60,1,4,13.9
61,0,0,4,61,1,7,13.9
62,2,0,4,62,1,5,13.9
63,2,0,4,63,1,5,13.9
64,2,0,4,64,1,5,13.9
65,1,0,4,65,1,7,13.9
66,2,0,4,66,1,5,13.9
67,1,0,4,67,1,4,13.9
68,2,0,4,68,1,5,13.9
69,0,0,4,69,1,7,13.9
70,0,0,4,70,1,8,13.9
71,0,0,4,71,1,5,13.9
72,0,0,4,72,1,7,13.9
73,0,0,5,19,1,7,13.9
74,2,0,5,20,1,3,13.9
75,2,0,5,21,1,5,13.9
76,2,0,5,22,1,6,13.9
77,1,0,5,23,1,6,13.9
78,3,0,5,24,1,5,13.9
79,2,0,5,25,1,4,13.9
80,2,0,5,26,1,5,13.9
81,1,0,5,27,1,6,13.9
82,1,0,5,28,1,6,13.9
83,1,0,5,29,1,5,13.9
84,1,0,5,30,1,6,13.9
85,0,0,5,31,1,8,13.9
86,0,0,5,32,1,7,13.9
87,2,0,5,33,1,5,13.9
88,0,0,5,34,1,5,13.9
89,2,0,5,35,1,5,13.9
90,2,0,5,36,1,6,13.9
91,1,0,1,19,2,6,7.4
92,2,0,1,20,2,3,7.4
93,2,0,1,21,2,4,7.4
94,3,0,1,22,2,5,7.4
95,0,0,1,23,2,7,7.4
96,2,0,1,24,2,6,7.4
97,2,0,1,25,2,3,7.4
98,2,0,1,26,2,5,7.4
99,2,0,1,27,2,4,7.4
100,2,0,1,28,2,5,7.4
101,2,0,1,29,2,3,7.4
102,3,0,1,30,2,4,7.4
103,3,0,1,31,2,5,7.4
104,0,0,1,32,2,6,7.4
105,1,0,1,33,2,5,7.4
106,4,0,1,34,2,2,7.4
107,3,0,1,35,2,4,7.4
108,3,0,1,36,2,4,7.4
109,1,0,2,37,2,6,7.4
110,3,0,2,38,2,4,7.4
111,2,0,2,39,2,3,7.4
112,0,0,2,40,2,7,7.4
113,1,0,2,41,2,6,7.4
114,2,0,2,42,2,3,7.4
115,3,0,2,43,2,4,7.4
116,3,0,2,44,2,4,7.4
117,1,0,2,45,2,5,7.4
118,2,0,2,46,2,5,7.4
119,2,0,2,47,2,5,7.4
120,2,0,2,48,2,5,7.4
121,2,0,2,49,2,3,7.4
122,3,0,2,50,2,4,7.4
123,3,0,2,51,2,4,7.4
124,2,0,2,52,2,5,7.4
125,1,0,2,53,2,4,7.4
126,1,0,2,54,2,5,7.4
127,1,0,3,37,2,6,7.4
128,3,0,3,38,2,4,7.4
129,2,0,3,39,2,3,7.4
130,3,0,3,40,2,4,7.4
131,2,0,3,41,2,5,7.4
132,2,0,3,42,2,3,7.4
133,3,0,3,43,2,4,7.4
134,0,0,3,44,2,7,7.4
135,2,0,3,45,2,4,7.4
136,2,0,3,46,2,5,7.4
137,2,0,3,47,2,5,7.4
138,3,0,3,48,2,4,7.4
139,2,0,3,49,2,3,7.4
140,1,0,3,50,2,6,7.4
141,2,0,3,51,2,5,7.4
142,0,0,3,52,2,7,7.4
143,2,0,3,53,2,3,7.4
144,2,0,3,54,2,4,7.4
145,2,0,4,55,2,5,7.4
146,2,0,4,56,2,5,7.4
147,1,0,4,57,2,4,7.4
148,3,0,4,58,2,4,7.4
149,3,0,4,59,2,4,7.4
150,2,0,4,60,2,3,7.4
151,3,0,4,61,2,4,7.4
152,3,0,4,62,2,4,7.4
153,1,0,4,63,2,5,7.4
154,3,0,4,64,2,4,7.4
155,1,0,4,65,2,6,7.4
156,4,0,4,66,2,3,7.4
157,2,0,4,67,2,3,7.4
158,1,0,4,68,2,6,7.4
159,1,0,4,69,2,6,7.4
160,2,0,4,70,2,5,7.4
161,2,0,4,71,2,3,7.4
162,1,0,4,72,2,5,7.4
163,2,0,5,19,2,5,7.4
164,2,0,5,20,2,3,7.4
165,3,0,5,21,2,3,7.4
166,3,0,5,22,2,5,7.4
167,1,0,5,23,2,5,7.4
168,2,0,5,24,2,6,7.4
169,1,0,5,25,2,4,7.4
170,3,0,5,26,2,4,7.4
171,1,0,5,27,2,5,7.4
172,1,0,5,28,2,6,7.4
173,2,0,5,29,2,3,7.4
174,1,0,5,30,2,6,7.4
175,0,0,5,31,2,8,7.4
176,1,0,5,32,2,5,7.4
177,2,0,5,33,2,4,7.4
178,2,0,5,34,2,3,7.4
179,0,0,5,35,2,7,7.4
180,1,0,5,36,2,6,7.4
181,0,0,1,19,3,8,22.0
182,2,0,1,20,3,4,22.0
183,1,0,1,21,3,6,22.0
184,0,0,1,22,3,10,22.0
185,0,0,1,23,3,7,22.0
186,2,0,1,24,3,7,22.0
187,3,0,1,25,3,3,22.0
188,2,0,1,26,3,6,22.0
189,2,0,1,27,3,5,22.0
190,1,0,1,28,3,6,22.0
191,4,0,1,29,3,2,22.0
192,1,0,1,30,3,7,22.0
193,2,0,1,31,3,7,22.0
194,2,0,1,32,3,5,22.0
195,1,0,1,33,3,6,22.0
196,3,0,1,34,3,3,22.0
197,1,0,1,35,3,7,22.0
198,0,0,1,36,3,8,22.0
199,0,0,2,37,3,8,22.0
200,1,0,2,38,3,7,22.0
201,0,0,2,39,3,7,22.0
202,0,0,2,40,3,8,22.0
203,1,0,2,41,3,7,22.0
204,2,0,2,42,3,4,22.0
205,1,0,2,43,3,7,22.0
206,0,0,2,44,3,9,22.0
207,0,0,2,45,3,7,22.0
208,3,0,2,46,3,5,22.0
209,3,0,2,47,3,5,22.0
210,0,0,2,48,3,8,22.0
211,2,0,2,49,3,4,22.0
212,4,0,2,50,3,4,22.0
213,2,0,2,51,3,6,22.0
214,0,0,2,52,3,8,22.0
215,2,0,2,53,3,4,22.0
216,1,0,2,54,3,6,22.0
217,0,0,3,37,3,8,22.0
218,1,0,3,38,3,7,22.0
219,3,0,3,39,3,3,22.0
220,2,0,3,40,3,6,22.0
221,2,0,3,41,3,6,22.0
222,3,0,3,42,3,3,22.0
223,2,0,3,43,3,6,22.0
224,3,0,3,44,3,5,22.0
225,2,0,3,45,3,5,22.0
226,2,0,3,46,3,6,22.0
227,1,0,3,47,3,7,22.0
228,0,0,3,48,3,7,22.0
229,3,0,3,49,3,3,22.0
230,4,0,3,50,3,4,22.0
231,1,0,3,51,3,7,22.0
232,3,0,3,52,3,5,22.0
233,2,0,3,53,3,4,22.0
234,1,0,3,54,3,6,22.0
235,0,0,4,55,3,8,22.0
236,3,0,4,56,3,4,22.0
237,0,0,4,57,3,6,22.0
238,3,0,4,58,3,5,22.0
239,0,0,4,59,3,8,22.0
240,1,0,4,60,3,5,22.0
241,1,0,4,61,3,7,22.0
242,1,0,4,62,3,7,22.0
243,0,0,4,63,3,7,22.0
244,1,0,4,64,3,7,22.0
245,3,0,4,65,3,5,22.0
246,3,0,4,66,3,4,22.0
247,0,0,4,67,3,6,22.0
248,2,0,4,68,3,6,22.0
249,3,0,4,69,3,5,22.0
250,0,0,4,70,3,8,22.0
251,1,0,4,71,3,5,22.0
252,1,0,4,72,3,6,22.0
253,1,0,5,19,3,7,22.0
254,0,0,5,20,3,6,22.0
255,2,0,5,21,3,5,22.0
256,1,0,5,22,3,8,22.0
257,1,0,5,23,3,6,22.0
258,5,0,5,24,3,4,22.0
259,3,0,5,25,3,3,22.0
260,4,0,5,26,3,4,22.0
261,3,0,5,27,3,4,22.0
262,2,0,5,28,3,5,22.0
263,2,0,5,29,3,4,22.0
264,1,0,5,30,3,7,22.0
265,2,0,5,31,3,7,22.0
266,0,0,5,32,3,7,22.0
267,0,0,5,33,3,7,22.0
268,2,0,5,34,3,4,22.0
269,4,0,5,35,3,4,22.0
270,0,0,5,36,3,9,22.0
271,2,0,1,19,4,5,16.0
272,2,0,1,20,4,4,16.0
273,2,0,1,21,4,5,16.0
274,0,0,1,22,4,9,16.0
275,2,0,1,23,4,5,16.0
276,3,0,1,24,4,5,16.0
277,2,0,1,25,4,4,16.0
278,0,0,1,26,4,7,16.0
279,0,0,1,27,4,7,16.0
280,1,0,1,28,4,6,16.0
281,4,0,1,29,4,2,16.0
282,0,0,1,30,4,7,16.0
283,0,0,1,31,4,8,16.0
284,0,0,1,32,4,7,16.0
285,3,0,1,33,4,4,16.0
286,3,0,1,34,4,3,16.0
287,0,0,1,35,4,7,16.0
288,4,0,1,36,4,4,16.0
289,0,0,2,37,4,8,16.0
290,2,0,2,38,4,5,16.0
291,2,0,2,39,4,4,16.0
292,1,0,2,40,4,6,16.0
293,2,0,2,41,4,6,16.0
294,2,0,2,42,4,4,16.0
295,2,0,2,43,4,5,16.0
296,2,0,2,44,4,5,16.0
297,2,0,2,45,4,5,16.0
298,0,0,2,46,4,7,16.0
299,1,0,2,47,4,7,16.0
300,1,0,2,48,4,6,16.0
301,2,0,2,49,4,4,16.0
302,2,0,2,50,4,5,16.0
303,0,0,2,51,4,8,16.0
304,4,0,2,52,4,4,16.0
305,2,0,2,53,4,4,16.0
306,2,0,2,54,4,5,16.0
307,0,0,3,37,4,8,16.0
308,1,0,3,38,4,6,16.0
309,2,0,3,39,4,4,16.0
310,3,0,3,40,4,4,16.0
311,3,0,3,41,4,5,16.0
312,1,0,3,42,4,5,16.0
313,2,0,3,43,4,5,16.0
314,2,0,3,44,4,5,16.0
315,1,0,3,45,4,6,16.0
316,3,0,3,46,4,4,16.0
317,2,0,3,47,4,6,16.0
318,1,0,3,48,4,6,16.0
319,4,0,3,49,4,2,16.0
320,3,0,3,50,4,4,16.0
321,0,0,3,51,4,7,16.0
322,0,0,3,52,4,8,16.0
323,4,0,3,53,4,2,16.0
324,0,0,3,54,4,7,16.0
325,1,0,4,55,4,7,16.0
326,3,0,4,56,4,4,16.0
327,3,0,4,57,4,3,16.0
328,0,0,4,58,4,7,16.0
329,0,0,4,59,4,8,16.0
330,1,0,4,60,4,5,16.0
331,3,0,4,61,4,4,16.0
332,1,0,4,62,4,6,16.0
333,1,0,4,63,4,6,16.0
334,3,0,4,64,4,4,16.0
335,3,0,4,65,4,5,16.0
336,0,0,4,66,4,7,16.0
337,1,0,4,67,4,4,16.0
338,2,0,4,68,4,5,16.0
339,1,0,4,69,4,6,16.0
340,2,0,4,70,4,6,16.0
341,2,0,4,71,4,4,16.0
342,0,0,4,72,4,7,16.0
343,2,0,5,19,4,5,16.0
344,2,0,5,20,4,4,16.0
345,1,0,5,21,4,6,16.0
346,2,0,5,22,4,6,16.0
347,0,0,5,23,4,7,16.0
348,3,0,5,24,4,5,16.0
349,3,0,5,25,4,3,16.0
350,2,0,5,26,4,5,16.0
351,1,0,5,27,4,6,16.0
352,2,0,5,28,4,5,16.0
353,0,0,5,29,4,6,16.0
354,1,0,5,30,4,6,16.0
355,0,0,5,31,4,8,16.0
356,2,0,5,32,4,5,16.0
357,2,0,5,33,4,5,16.0
358,2,0,5,34,4,4,16.0
359,2,0,5,35,4,5,16.0
360,3,0,5,36,4,5,16.0
361,3,0,6,19,1,4,17.2
362,1,0,6,20,1,5,17.2
363,4,0,6,21,1,3,17.2
364,0,0,6,22,1,8,17.2
365,2,0,6,23,1,5,17.2
366,3,0,6,24,1,5,17.2
367,0,0,6,25,1,6,17.2
368,4,0,6,26,1,4,17.2
369,2,0,6,27,1,5,17.2
370,2,0,6,28,1,5,17.2
371,3,0,6,29,1,3,17.2
372,0,0,6,30,1,7,17.2
373,3,0,6,31,1,5,17.2
374,1,0,6,32,1,6,17.2
375,2,0,6,33,1,5,17.2
376,3,0,6,34,1,3,17.2
377,3,0,6,35,1,4,17.2
378,0,0,6,36,1,8,17.2
379,3,0,7,37,1,5,17.2
380,0,0,7,38,1,7,17.2
381,0,0,7,39,1,6,17.2
382,1,0,7,40,1,6,17.2
383,0,0,7,41,1,8,17.2
384,3,0,7,42,1,3,17.2
385,3,0,7,43,1,4,17.2
386,3,0,7,44,1,5,17.2
387,1,0,7,45,1,6,17.2
388,1,0,7,46,1,6,17.2
389,2,0,7,47,1,6,17.2
390,1,0,7,48,1,6,17.2
391,2,0,7,49,1,4,17.2
392,3,0,7,50,1,4,17.2
393,0,0,7,51,1,7,17.2
394,2,0,7,52,1,6,17.2
395,2,0,7,53,1,4,17.2
396,1,0,7,54,1,6,17.2
397,1,0,8,19,1,6,17.2
398,0,0,8,20,1,6,17.2
399,2,0,8,21,1,5,17.2
400,2,0,8,22,1,6,17.2
401,3,0,8,23,1,4,17.2
402,2,0,8,24,1,6,17.2
403,3,0,8,25,1,3,17.2
404,1,0,8,26,1,7,17.2
405,3,0,8,27,1,4,17.2
406,1,0,8,28,1,6,17.2
407,4,0,8,29,1,2,17.2
408,1,0,8,30,1,6,17.2
409,1,0,8,31,1,7,17.2
410,0,0,8,32,1,7,17.2
411,3,0,8,33,1,4,17.2
412,1,0,8,34,1,5,17.2
413,3,0,8,35,1,4,17.2
414,2,0,8,36,1,6,17.2
415,3,0,9,55,1,5,17.2
416,3,0,9,56,1,4,17.2
417,1,0,9,57,1,5,17.2
418,2,0,9,58,1,5,17.2
419,2,0,9,59,1,6,17.2
420,3,0,9,60,1,3,17.2
421,2,0,9,61,1,5,17.2
422,3,0,9,62,1,5,17.2
423,3,0,9,63,1,4,17.2
424,0,0,9,64,1,7,17.2
425,3,0,9,65,1,5,17.2
426,2,0,9,66,1,5,17.2
427,3,0,9,67,1,3,17.2
428,0,0,9,68,1,7,17.2
429,2,0,9,69,1,5,17.2
430,3,0,9,70,1,5,17.2
431,2,0,9,71,1,4,17.2
432,2,0,9,72,1,5,17.2
433,3,0,10,19,1,4,17.2
434,1,0,10,20,1,5,17.2
435,2,0,10,21,1,5,17.2
436,0,0,10,22,1,8,17.2
437,1,0,10,23,1,6,17.2
438,1,0,10,24,1,7,17.2
439,2,0,10,25,1,4,17.2
440,4,0,10,26,1,4,17.2
441,1,0,10,27,1,6,17.2
442,2,0,10,28,1,5,17.2
443,3,0,10,29,1,3,17.2
444,3,0,10,30,1,4,17.2
445,2,0,10,31,1,6,17.2
446,0,0,10,32,1,7,17.2
447,5,0,10,33,1,2,17.2
448,0,0,10,34,1,6,17.2
449,2,0,10,35,1,5,17.2
450,0,0,10,36,1,8,17.2
451,1,0,6,19,2,5,5.3
452,2,0,6,20,2,3,5.3
453,2,0,6,21,2,4,5.3
454,2,0,6,22,2,6,5.3
455,3,0,6,23,2,3,5.3
456,3,0,6,24,2,5,5.3
457,2,0,6,25,2,3,5.3
458,2,0,6,26,2,5,5.3
459,2,0,6,27,2,4,5.3
460,1,0,6,28,2,5,5.3
461,2,0,6,29,2,3,5.3
462,2,0,6,30,2,5,5.3
463,3,0,6,31,2,5,5.3
464,2,0,6,32,2,4,5.3
465,3,0,6,33,2,3,5.3
466,2,0,6,34,2,3,5.3
467,3,0,6,35,2,4,5.3
468,1,0,6,36,2,6,5.3
469,2,0,7,37,2,5,5.3
470,0,0,7,38,2,7,5.3
471,1,0,7,39,2,4,5.3
472,0,0,7,40,2,7,5.3
473,2,0,7,41,2,5,5.3
474,1,0,7,42,2,4,5.3
475,3,0,7,43,2,4,5.3
476,1,0,7,44,2,6,5.3
477,2,0,7,45,2,4,5.3
478,2,0,7,46,2,5,5.3
479,2,0,7,47,2,5,5.3
480,0,0,7,48,2,6,5.3
481,1,0,7,49,2,4,5.3
482,0,0,7,50,2,7,5.3
483,3,0,7,51,2,4,5.3
484,2,0,7,52,2,5,5.3
485,2,0,7,53,2,3,5.3
486,1,0,7,54,2,5,5.3
487,0,0,8,19,2,6,5.3
488,0,0,8,20,2,6,5.3
489,3,0,8,21,2,3,5.3
490,1,0,8,22,2,7,5.3
491,1,0,8,23,2,5,5.3
492,1,0,8,24,2,7,5.3
493,2,0,8,25,2,3,5.3
494,1,0,8,26,2,6,5.3
495,2,0,8,27,2,4,5.3
496,0,0,8,28,2,7,5.3
497,2,0,8,29,2,3,5.3
498,1,0,8,30,2,6,5.3
499,2,0,8,31,2,6,5.3
500,0,0,8,32,2,6,5.3
501,2,0,8,33,2,4,5.3
502,2,0,8,34,2,3,5.3
503,3,0,8,35,2,4,5.3
504,2,0,8,36,2,5,5.3
505,2,0,9,55,2,5,5.3
506,1,0,9,56,2,5,5.3
507,2,0,9,57,2,3,5.3
508,3,0,9,58,2,4,5.3
509,4,0,9,59,2,3,5.3
510,0,0,9,60,2,5,5.3
511,3,0,9,61,2,4,5.3
512,3,0,9,62,2,4,5.3
513,3,0,9,63,2,3,5.3
514,2,0,9,64,2,5,5.3
515,2,0,9,65,2,5,5.3
516,1,0,9,66,2,5,5.3
517,2,0,9,67,2,3,5.3
518,3,0,9,68,2,4,5.3
519,4,0,9,69,2,3,5.3
520,2,0,9,70,2,5,5.3
521,2,0,9,71,2,3,5.3
522,2,0,9,72,2,4,5.3
523,1,0,10,19,2,5,5.3
524,0,0,10,20,2,5,5.3
525,3,0,10,21,2,3,5.3
526,0,0,10,22,2,8,5.3
527,0,0,10,23,2,6,5.3
528,3,0,10,24,2,5,5.3
529,1,0,10,25,2,4,5.3
530,1,0,10,26,2,6,5.3
531,1,0,10,27,2,5,5.3
532,1,0,10,28,2,5,5.3
533,1,0,10,29,2,4,5.3
534,1,0,10,30,2,6,5.3
535,3,0,10,31,2,5,5.3
536,2,0,10,32,2,4,5.3
537,1,0,10,33,2,5,5.3
538,2,0,10,34,2,3,5.3
539,2,0,10,35,2,5,5.3
540,3,0,10,36,2,4,5.3
541,1,0,6,19,3,7,22.2
542,0,0,6,20,3,7,22.2
543,0,0,6,21,3,8,22.2
544,1,0,6,22,3,8,22.2
545,0,0,6,23,3,7,22.2
546,3,0,6,24,3,6,22.2
547,2,0,6,25,3,4,22.2
548,3,0,6,26,3,5,22.2
549,3,0,6,27,3,4,22.2
550,3,0,6,28,3,4,22.2
551,3,0,6,29,3,3,22.2
552,3,0,6,30,3,5,22.2
553,0,0,6,31,3,9,22.2
554,2,0,6,32,3,5,22.2
555,1,0,6,33,3,6,22.2
556,2,0,6,34,3,4,22.2
557,3,0,6,35,3,5,22.2
558,0,0,6,36,3,9,22.2
559,2,0,7,37,3,6,22.2
560,3,0,7,38,3,5,22.2
561,0,0,7,39,3,6,22.2
562,2,0,7,40,3,6,22.2
563,2,0,7,41,3,6,22.2
564,2,0,7,42,3,4,22.2
565,4,0,7,43,3,4,22.2
566,1,0,7,44,3,7,22.2
567,0,0,7,45,3,7,22.2
568,1,0,7,46,3,7,22.2
569,2,0,7,47,3,6,22.2
570,2,0,7,48,3,5,22.2
571,1,0,7,49,3,5,22.2
572,0,0,7,50,3,8,22.2
573,0,0,7,51,3,8,22.2
574,2,0,7,52,3,6,22.2
575,2,0,7,53,3,4,22.2
576,0,0,7,54,3,7,22.2
577,0,0,8,19,3,8,22.2
578,3,0,8,20,3,3,22.2
579,2,0,8,21,3,5,22.2
580,2,0,8,22,3,7,22.2
581,3,0,8,23,3,4,22.2
582,4,0,8,24,3,5,22.2
583,3,0,8,25,3,3,22.2
584,4,0,8,26,3,4,22.2
585,3,0,8,27,3,4,22.2
586,2,0,8,28,3,5,22.2
587,0,0,8,29,3,6,22.2
588,3,0,8,30,3,5,22.2
589,1,0,8,31,3,8,22.2
590,1,0,8,32,3,6,22.2
591,0,0,8,33,3,8,22.2
592,2,0,8,34,3,4,22.2
593,0,0,8,35,3,8,22.2
594,0,0,8,36,3,9,22.2
595,4,0,9,55,3,4,22.2
596,3,0,9,56,3,4,22.2
597,1,0,9,57,3,5,22.2
598,3,0,9,58,3,5,22.2
599,1,0,9,59,3,7,22.2
600,3,0,9,60,3,3,22.2
601,3,0,9,61,3,5,22.2
602,3,0,9,62,3,5,22.2
603,2,0,9,63,3,5,22.2
604,2,0,9,64,3,6,22.2
605,3,0,9,65,3,5,22.2
606,2,0,9,66,3,5,22.2
607,4,0,9,67,3,2,22.2
608,1,0,9,68,3,7,22.2
609,3,0,9,69,3,5,22.2
610,1,0,9,70,3,7,22.2
611,3,0,9,71,3,3,22.2
612,2,0,9,72,3,5,22.2
613,2,0,10,19,3,6,22.2
614,3,0,10,20,3,3,22.2
615,3,0,10,21,3,4,22.2
616,0,0,10,22,3,9,22.2
617,1,0,10,23,3,6,22.2
618,1,0,10,24,3,8,22.2
619,3,0,10,25,3,3,22.2
620,1,0,10,26,3,7,22.2
621,0,0,10,27,3,8,22.2
622,1,0,10,28,3,6,22.2
623,2,0,10,29,3,4,22.2
624,3,0,10,30,3,5,22.2
625,3,0,10,31,3,6,22.2
626,1,0,10,32,3,6,22.2
627,4,0,10,33,3,3,22.2
628,2,0,10,34,3,4,22.2
629,2,0,10,35,3,6,22.2
630,1,0,10,36,3,7,22.2
631,0,0,6,19,4,7,14.4
632,1,0,6,20,4,4,14.4
633,0,0,6,21,4,7,14.4
634,0,0,6,22,4,8,14.4
635,2,0,6,23,4,5,14.4
636,2,0,6,24,4,6,14.4
637,1,0,6,25,4,5,14.4
638,0,0,6,26,4,7,14.4
639,3,0,6,27,4,4,14.4
640,3,0,6,28,4,4,14.4
641,0,0,6,29,4,6,14.4
642,3,0,6,30,4,4,14.4
643,1,0,6,31,4,7,14.4
644,2,0,6,32,4,5,14.4
645,3,0,6,33,4,4,14.4
646,0,0,6,34,4,5,14.4
647,2,0,6,35,4,5,14.4
648,2,0,6,36,4,6,14.4
649,2,0,7,37,4,6,14.4
650,2,0,7,38,4,5,14.4
651,3,0,7,39,4,3,14.4
652,3,0,7,40,4,4,14.4
653,2,0,7,41,4,5,14.4
654,0,0,7,42,4,6,14.4
655,0,0,7,43,4,7,14.4
656,3,0,7,44,4,4,14.4
657,1,0,7,45,4,6,14.4
658,0,0,7,46,4,7,14.4
659,1,0,7,47,4,7,14.4
660,0,0,7,48,4,7,14.4
661,1,0,7,49,4,4,14.4
662,0,0,7,50,4,7,14.4
663,0,0,7,51,4,7,14.4
664,1,0,7,52,4,7,14.4
665,2,0,7,53,4,4,14.4
666,2,0,7,54,4,5,14.4
667,2,0,8,19,4,5,14.4
668,2,0,8,20,4,3,14.4
669,2,0,8,21,4,5,14.4
670,0,0,8,22,4,8,14.4
671,2,0,8,23,4,5,14.4
672,1,0,8,24,4,7,14.4
673,2,0,8,25,4,4,14.4
674,2,0,8,26,4,5,14.4
675,3,0,8,27,4,4,14.4
676,1,0,8,28,4,6,14.4
677,1,0,8,29,4,5,14.4
678,0,0,8,30,4,7,14.4
679,2,0,8,31,4,6,14.4
680,3,0,8,32,4,4,14.4
681,3,0,8,33,4,4,14.4
682,1,0,8,34,4,4,14.4
683,0,0,8,35,4,7,14.4
684,2,0,8,36,4,6,14.4
685,2,0,9,55,4,6,14.4
686,4,0,9,56,4,3,14.4
687,1,0,9,57,4,5,14.4
688,2,0,9,58,4,5,14.4
689,0,0,9,59,4,7,14.4
690,3,0,9,60,4,3,14.4
691,0,0,9,61,4,7,14.4
692,3,0,9,62,4,4,14.4
693,3,0,9,63,4,4,14.4
694,2,0,9,64,4,5,14.4
695,2,0,9,65,4,6,14.4
696,3,0,9,66,4,4,14.4
697,2,0,9,67,4,3,14.4
698,3,0,9,68,4,4,14.4
699,2,0,9,69,4,5,14.4
700,3,0,9,70,4,5,14.4
701,1,0,9,71,4,4,14.4
702,2,0,9,72,4,5,14.4
703,1,0,10,19,4,6,14.4
704,1,0,10,20,4,4,14.4
705,0,0,10,21,4,7,14.4
706,1,0,10,22,4,7,14.4
707,0,0,10,23,4,7,14.4
708,0,0,10,24,4,8,14.4
709,3,0,10,25,4,3,14.4
710,0,0,10,26,4,7,14.4
711,3,0,10,27,4,4,14.4
712,1,0,10,28,4,6,14.4
713,3,0,10,29,4,3,14.4
714,2,0,10,30,4,5,14.4
715,3,0,10,31,4,5,14.4
716,2,0,10,32,4,5,14.4
717,3,0,10,33,4,4,14.4
718,2,0,10,34,4,3,14.4
719,1,0,10,35,4,6,14.4
720,4,0,10,36,4,4,14.4
1769,2,0,16,307,1,5,17.8
1770,0,0,16,308,1,7,17.8
1771,4,0,16,309,1,2,17.8
1772,2,0,16,310,1,5,17.8
1773,2,0,16,311,1,6,17.8
1774,3,0,16,312,1,3,17.8
1775,2,0,16,313,1,5,17.8
1776,1,0,16,314,1,6,17.8
1777,3,0,16,315,1,5,17.8
1778,1,0,16,316,1,6,17.8
1779,2,0,16,317,1,5,17.8
1780,2,0,16,318,1,4,17.8
1781,2,0,16,319,1,5,17.8
1782,4,0,16,320,1,4,17.8
1783,1,0,16,321,1,6,17.8
1784,3,0,16,322,1,4,17.8
1785,2,0,16,323,1,4,17.8
1786,2,0,16,324,1,6,17.8
1787,3,0,16,307,3,4,22.2
1788,1,0,16,308,3,6,22.2
1789,2,0,16,309,3,4,22.2
1790,2,0,16,310,3,6,22.2
1791,1,0,16,311,3,7,22.2
1792,2,0,16,312,3,4,22.2
1793,1,0,16,313,3,6,22.2
1794,1,1,16,314,3,7,22.2
1795,2,0,16,315,3,6,22.2
1796,3,0,16,316,3,5,22.2
1797,3,0,16,317,3,4,22.2
1798,2,0,16,318,3,4,22.2
1799,3,0,16,319,3,5,22.2
1800,1,0,16,320,3,7,22.2
1801,2,0,16,321,3,6,22.2
1802,2,0,16,322,3,5,22.2
1803,3,0,16,323,3,3,22.2
1804,3,0,16,324,3,5,22.2
1805,0,0,16,307,4,6,14.4
1806,4,0,16,308,4,3,14.4
1807,1,0,16,309,4,5,14.4
1808,0,0,16,310,4,7,14.4
1809,3,0,16,311,4,5,14.4
1810,2,0,16,312,4,3,14.4
1811,0,0,16,313,4,7,14.4
1812,1,0,16,314,4,6,14.4
1813,2,0,16,315,4,6,14.4
1814,1,0,16,316,4,6,14.4
1815,1,0,16,317,4,6,14.4
1816,1,0,16,318,4,5,14.4
1817,1,0,16,319,4,6,14.4
1818,2,0,16,320,4,6,14.4
1819,3,0,16,321,4,4,14.4
1820,2,0,16,322,4,5,14.4
1821,2,0,16,323,4,3,14.4
1822,1,0,16,324,4,7,14.4
1895,1,0,18,343,1,6,20.1
1896,0,0,18,344,1,6,20.1
1897,2,0,18,345,1,5,20.1
1898,2,0,18,346,1,3,20.1
1899,1,0,18,347,1,6,20.1
1900,0,0,18,348,1,7,20.1
1901,2,0,18,349,1,5,20.1
1902,4,0,18,350,1,2,20.1
1903,0,0,18,351,1,7,20.1
1904,1,0,18,352,1,5,20.1
1905,1,0,18,353,1,5,20.1
1906,2,0,18,354,1,4,20.1
1907,0,0,18,355,1,7,20.1
1908,3,0,18,356,1,4,20.1
1909,2,0,18,357,1,5,20.1
1910,2,0,18,358,1,4,20.1
1911,3,0,18,359,1,3,20.1
1912,2,0,18,360,1,5,20.1
1913,3,0,18,343,4,4,15.9
1914,1,0,18,344,4,5,15.9
1915,0,0,18,345,4,7,15.9
1916,2,0,18,346,4,3,15.9
1917,2,0,18,347,4,5,15.9
1918,0,0,18,348,4,7,15.9
1919,1,0,18,349,4,6,15.9
1920,0,0,18,350,4,6,15.9
1921,1,0,18,351,4,5,15.9
1922,3,0,18,352,4,3,15.9
1923,0,0,18,353,4,6,15.9
1924,0,0,18,354,4,5,15.9
1925,1,0,18,355,4,6,15.9
1926,2,0,18,356,4,5,15.9
1927,1,0,18,357,4,5,15.9
1928,1,0,18,358,4,5,15.9
1929,2,0,18,359,4,4,15.9
1930,3,0,18,360,4,4,15.9
1931,1,0,18,343,6,7,30.7
1932,2,0,18,344,6,5,30.7
1933,2,0,18,345,6,6,30.7
1934,2,0,18,346,6,4,30.7
1935,2,0,18,347,6,6,30.7
1936,0,0,18,348,6,9,30.7
1937,0,0,18,349,6,9,30.7
1938,3,0,18,350,6,4,30.7
1939,0,0,18,351,6,8,30.7
1940,0,0,18,352,6,7,30.7
1941,2,0,18,353,6,5,30.7
1942,3,0,18,354,6,4,30.7
1943,2,0,18,355,6,6,30.7
1944,3,0,18,356,6,5,30.7
1945,2,0,18,357,6,5,30.7
1946,0,1,18,358,6,8,30.7
1947,2,0,18,359,6,5,30.7
1948,2,0,18,360,6,6,30.7
1949,0,1,18,343,7,7,22.0
1950,3,0,18,344,7,3,22.0
1951,1,0,18,345,7,6,22.0
1952,1,0,18,346,7,5,22.0
1953,0,0,18,347,7,8,22.0
1954,0,0,18,348,7,8,22.0
1955,1,0,18,349,7,6,22.0
1956,1,0,18,350,7,5,22.0
1957,0,0,18,351,7,7,22.0
1958,1,0,18,352,7,5,22.0
1959,2,0,18,353,7,5,22.0
1960,3,1,18,354,7,3,22.0
1961,1,0,18,355,7,6,22.0
1962,3,0,18,356,7,4,22.0
1963,1,0,18,357,7,6,22.0
1964,3,0,18,358,7,4,22.0
1965,3,0,18,359,7,3,22.0
1966,2,0,18,360,7,5,22.0
2039,0,0,20,343,1,7,19.1
2040,1,0,20,344,1,5,19.1
2041,2,0,20,345,1,5,19.1
2042,2,0,20,346,1,3,19.1
2043,3,0,20,347,1,4,19.1
2044,1,0,20,348,1,6,19.1
2045,4,0,20,349,1,3,19.1
2046,3,0,20,350,1,3,19.1
2047,0,0,20,351,1,7,19.1
2048,3,0,20,352,1,3,19.1
2049,1,0,20,353,1,5,19.1
2050,2,0,20,354,1,4,19.1
2051,3,0,20,355,1,4,19.1
2052,3,0,20,356,1,4,19.1
2053,1,0,20,357,1,6,19.1
2054,0,0,20,358,1,7,19.1
2055,3,0,20,359,1,3,19.1
2056,2,0,20,360,1,5,19.1
2057,0,0,20,343,4,7,15.7
2058,3,0,20,344,4,3,15.7
2059,2,0,20,345,4,5,15.7
2060,0,0,20,346,4,5,15.7
2061,3,0,20,347,4,4,15.7
2062,1,0,20,348,4,6,15.7
2063,1,0,20,349,4,6,15.7
2064,4,0,20,350,4,2,15.7
2065,1,0,20,351,4,5,15.7
2066,2,0,20,352,4,4,15.7
2067,0,0,20,353,4,7,15.7
2068,1,0,20,354,4,4,15.7
2069,0,0,20,355,4,7,15.7
2070,1,0,20,356,4,6,15.7
2071,3,0,20,357,4,3,15.7
2072,2,0,20,358,4,4,15.7
2073,2,0,20,359,4,4,15.7
2074,1,0,20,360,4,6,15.7
2075,0,0,20,343,8,9,48.0
2076,0,1,20,344,8,9,48.0
2077,0,0,20,345,8,9,48.0
2078,3,0,20,346,8,4,48.0
2079,2,0,20,347,8,7,48.0
2080,1,0,20,348,8,8,48.0
2081,1,0,20,349,8,8,48.0
2082,5,0,20,350,8,3,48.0
2083,1,0,20,351,8,7,48.0
2084,4,0,20,352,8,4,48.0
2085,0,0,20,353,8,8,48.0
2086,3,0,20,354,8,5,48.0
2087,1,0,20,355,8,8,48.0
2088,5,0,20,356,8,4,48.0
2089,2,0,20,357,8,6,48.0
2090,3,0,20,358,8,5,48.0
2091,2,1,20,359,8,6,48.0
2092,1,0,20,360,8,8,48.0
2363,4,0,27,379,1,4,18.5
2364,3,0,27,380,1,3,18.5
2365,2,0,27,381,1,5,18.5
2366,1,0,27,382,1,6,18.5
2367,2,0,27,383,1,5,18.5
2368,0,0,27,384,1,7,18.5
2369,2,0,27,385,1,5,18.5
2370,0,1,27,386,1,8,18.5
2371,2,0,27,387,1,4,18.5
2372,0,0,27,388,1,7,18.5
2373,0,0,27,389,1,8,18.5
2374,2,0,27,390,1,4,18.5
2375,1,0,27,391,1,7,18.5
2376,1,0,27,392,1,7,18.5
2377,0,0,27,393,1,6,18.5
2378,0,0,27,394,1,7,18.5
2379,2,0,27,395,1,4,18.5
2380,3,0,27,396,1,4,18.5
2381,2,0,27,379,4,6,14.8
2382,1,0,27,380,4,5,14.8
2383,1,0,27,381,4,6,14.8
2384,2,0,27,382,4,4,14.8
2385,0,0,27,383,4,7,14.8
2386,3,0,27,384,4,4,14.8
2387,1,0,27,385,4,5,14.8
2388,0,0,27,386,4,7,14.8
2389,2,1,27,387,4,4,14.8
2390,1,0,27,388,4,6,14.8
2391,1,0,27,389,4,7,14.8
2392,2,0,27,390,4,3,14.8
2393,3,0,27,391,4,5,14.8
2394,1,0,27,392,4,7,14.8
2395,1,0,27,393,4,4,14.8
2396,2,0,27,394,4,5,14.8
2397,2,0,27,395,4,4,14.8
2398,3,0,27,396,4,4,14.8
2399,0,0,28,379,1,8,18.5
2400,3,0,28,380,1,3,18.5
2401,2,0,28,381,1,5,18.5
2402,3,0,28,382,1,4,18.5
2403,3,0,28,383,1,4,18.5
2404,2,0,28,384,1,5,18.5
2405,1,0,28,385,1,6,18.5
2406,2,1,28,386,1,5,18.5
2407,2,1,28,387,1,4,18.5
2408,0,0,28,388,1,7,18.5
2409,1,1,28,389,1,7,18.5
2410,2,0,28,390,1,4,18.5
2411,1,0,28,391,1,7,18.5
2412,2,0,28,392,1,6,18.5
2413,3,0,28,393,1,3,18.5
2414,2,0,28,394,1,5,18.5
2415,3,0,28,395,1,3,18.5
2416,1,0,28,396,1,6,18.5
2417,1,0,28,379,4,7,14.8
2418,3,0,28,380,4,3,14.8
2419,1,0,28,381,4,6,14.8
2420,1,0,28,382,4,5,14.8
2421,3,0,28,383,4,4,14.8
2422,1,0,28,384,4,6,14.8
2423,0,0,28,385,4,6,14.8
2424,1,0,28,386,4,6,14.8
2425,2,0,28,387,4,4,14.8
2426,2,0,28,388,4,5,14.8
2427,1,0,28,389,4,7,14.8
2428,2,0,28,390,4,3,14.8
2429,2,0,28,391,4,6,14.8
2430,2,1,28,392,4,6,14.8
2431,1,0,28,393,4,4,14.8
2432,0,0,28,394,4,7,14.8
2433,0,1,28,395,4,6,14.8
2434,1,0,28,396,4,6,14.8
2435,0,0,29,343,1,7,19.1
2436,3,0,29,344,1,3,19.1
2437,4,0,29,345,1,3,19.1
2438,3,0,29,346,1,2,19.1
2439,2,0,29,347,1,5,19.1
2440,2,0,29,348,1,6,19.1
2441,3,0,29,349,1,4,19.1
2442,2,0,29,350,1,4,19.1
2443,3,0,29,351,1,4,19.1
2444,2,0,29,352,1,4,19.1
2445,0,0,29,353,1,6,19.1
2446,0,0,29,354,1,6,19.1
2447,2,0,29,355,1,5,19.1
2448,0,0,29,356,1,7,19.1
2449,2,0,29,357,1,5,19.1
2450,1,0,29,358,1,6,19.1
2451,3,0,29,359,1,3,19.1
2452,1,0,29,360,1,6,19.1
2453,2,0,29,343,4,5,15.9
2454,3,0,29,344,4,3,15.9
2455,3,0,29,345,4,4,15.9
2456,2,0,29,346,4,3,15.9
2457,0,0,29,347,4,7,15.9
2458,0,0,29,348,4,8,15.9
2459,0,0,29,349,4,7,15.9
2460,3,0,29,350,4,3,15.9
2461,0,0,29,351,4,6,15.9
2462,0,0,29,352,4,6,15.9
2463,3,0,29,353,4,3,15.9
2464,2,0,29,354,4,4,15.9
2465,0,0,29,355,4,7,15.9
2466,3,0,29,356,4,4,15.9
2467,3,0,29,357,4,3,15.9
2468,1,0,29,358,4,5,15.9
2469,2,0,29,359,4,4,15.9
2470,3,0,29,360,4,4,15.9
2471,1,0,29,343,6,7,28.3
2472,2,1,29,344,6,5,28.3
2473,2,0,29,345,6,6,28.3
2474,0,0,29,346,6,6,28.3
2475,1,0,29,347,6,7,28.3
2476,2,0,29,348,6,6,28.3
2477,2,0,29,349,6,6,28.3
2478,4,0,29,350,6,3,28.3
2479,1,0,29,351,6,7,28.3
2480,4,0,29,352,6,3,28.3
2481,3,0,29,353,6,4,28.3
2482,2,0,29,354,6,5,28.3
2483,3,0,29,355,6,5,28.3
2484,2,0,29,356,6,6,28.3
2485,1,0,29,357,6,6,28.3
2486,0,0,29,358,6,7,28.3
2487,2,0,29,359,6,5,28.3
2488,2,0,29,360,6,6,28.3
2489,3,0,29,343,8,6,39.0
2490,4,0,29,344,8,4,39.0
2491,0,1,29,345,8,11,39.0
2492,1,0,29,346,8,6,39.0
2493,2,0,29,347,8,7,39.0
2494,1,0,29,348,8,8,39.0
2495,3,0,29,349,8,6,39.0
2496,3,0,29,350,8,5,39.0
2497,1,0,29,351,8,7,39.0
2498,2,0,29,352,8,6,39.0
2499,1,0,29,353,8,7,39.0
2500,3,0,29,354,8,5,39.0
2501,4,0,29,355,8,5,39.0
2502,3,0,29,356,8,6,39.0
2503,2,0,29,357,8,6,39.0
2504,3,0,29,358,8,5,39.0
2505,4,1,29,359,8,4,39.0
2506,2,0,29,360,8,7,39.0
2507,0,0,30,343,1,7,19.1
2508,1,0,30,344,1,5,19.1
2509,0,0,30,345,1,7,19.1
2510,1,0,30,346,1,4,19.1
2511,2,0,30,347,1,5,19.1
2512,3,0,30,348,1,5,19.1
2513,2,0,30,349,1,5,19.1
2514,1,0,30,350,1,5,19.1
2515,1,0,30,351,1,6,19.1
2516,1,0,30,352,1,5,19.1
2517,2,0,30,353,1,4,19.1
2518,3,0,30,354,1,3,19.1
2519,0,0,30,355,1,7,19.1
2520,3,0,30,356,1,4,19.1
2521,1,0,30,357,1,6,19.1
2522,3,0,30,358,1,4,19.1
2523,3,0,30,359,1,3,19.1
2524,0,0,30,360,1,7,19.1
2525,2,0,30,343,4,5,15.9
2526,1,0,30,344,4,5,15.9
2527,1,0,30,345,4,6,15.9
2528,1,0,30,346,4,4,15.9
2529,3,0,30,347,4,4,15.9
2530,1,0,30,348,4,6,15.9
2531,2,0,30,349,4,5,15.9
2532,2,0,30,350,4,4,15.9
2533,0,0,30,351,4,6,15.9
2534,2,0,30,352,4,4,15.9
2535,2,0,30,353,4,4,15.9
2536,2,0,30,354,4,4,15.9
2537,0,0,30,355,4,7,15.9
2538,2,0,30,356,4,5,15.9
2539,2,0,30,357,4,4,15.9
2540,2,0,30,358,4,4,15.9
2541,3,0,30,359,4,3,15.9
2542,2,0,30,360,4,5,15.9
2543,2,0,30,343,6,6,28.3
2544,1,0,30,344,6,6,28.3
2545,2,0,30,345,6,6,28.3
2546,3,0,30,346,6,3,28.3
2547,0,0,30,347,6,8,28.3
2548,3,0,30,348,6,5,28.3
2549,2,0,30,349,6,6,28.3
2550,4,0,30,350,6,3,28.3
2551,1,0,30,351,6,6,28.3
2552,2,0,30,352,6,5,28.3
2553,2,0,30,353,6,5,28.3
2554,0,0,30,354,6,6,28.3
2555,2,0,30,355,6,6,28.3
2556,2,0,30,356,6,6,28.3
2557,1,0,30,357,6,6,28.3
2558,3,0,30,358,6,4,28.3
2559,2,0,30,359,6,5,28.3
2560,2,0,30,360,6,6,28.3
2561,1,0,30,343,8,7,39.0
2562,1,0,30,344,8,7,39.0
2563,1,0,30,345,8,8,39.0
2564,2,0,30,346,8,5,39.0
2565,4,0,30,347,8,5,39.0
2566,1,0,30,348,8,8,39.0
2567,4,0,30,349,8,5,39.0
2568,3,0,30,350,8,5,39.0
2569,0,0,30,351,8,10,39.0
2570,4,0,30,352,8,4,39.0
2571,3,0,30,353,8,5,39.0
2572,3,0,30,354,8,4,39.0
2573,1,0,30,355,8,8,39.0
2574,5,0,30,356,8,4,39.0
2575,2,0,30,357,8,6,39.0
2576,2,0,30,358,8,6,39.0
2577,1,0,30,359,8,7,39.0
2578,3,0,30,360,8,6,39.0
2579,2,0,31,343,1,5,19.6
2580,2,0,31,344,1,4,19.6
2581,2,0,31,345,1,5,19.6
2582,1,0,31,346,1,4,19.6
2583,2,0,31,347,1,5,19.6
2584,0,1,31,348,1,8,19.6
2585,0,0,31,349,1,7,19.6
2586,1,0,31,350,1,5,19.6
2587,2,0,31,351,1,5,19.6
2588,2,0,31,352,1,4,19.6
2589,2,0,31,353,1,4,19.6
2590,3,0,31,354,1,3,19.6
2591,2,0,31,355,1,5,19.6
2592,2,0,31,356,1,5,19.6
2593,1,1,31,357,1,6,19.6
2594,2,0,31,358,1,5,19.6
2595,2,0,31,359,1,4,19.6
2596,1,0,31,360,1,6,19.6
2597,1,0,31,343,4,6,15.9
2598,2,0,31,344,4,4,15.9
2599,2,0,31,345,4,5,15.9
2600,2,0,31,346,4,3,15.9
2601,2,0,31,347,4,5,15.9
2602,0,0,31,348,4,7,15.9
2603,1,0,31,349,4,6,15.9
2604,2,0,31,350,4,4,15.9
2605,2,0,31,351,4,5,15.9
2606,2,0,31,352,4,4,15.9
2607,2,0,31,353,4,4,15.9
2608,2,0,31,354,4,4,15.9
2609,3,0,31,355,4,4,15.9
2610,2,0,31,356,4,5,15.9
2611,3,0,31,357,4,3,15.9
2612,0,0,31,358,4,6,15.9
2613,3,1,31,359,4,3,15.9
2614,2,0,31,360,4,5,15.9
2615,2,0,31,343,8,6,48.0
2616,5,0,31,344,8,3,48.0
2617,2,0,31,345,8,7,48.0
2618,2,0,31,346,8,5,48.0
2619,3,0,31,347,8,6,48.0
2620,2,0,31,348,8,7,48.0
2621,3,0,31,349,8,6,48.0
2622,2,0,31,350,8,5,48.0
2623,2,0,31,351,8,6,48.0
2624,3,0,31,352,8,5,48.0
2625,0,0,31,353,8,9,48.0
2626,4,0,31,354,8,3,48.0
2627,3,0,31,355,8,6,48.0
2628,2,0,31,356,8,6,48.0
2629,3,0,31,357,8,5,48.0
2630,3,0,31,358,8,5,48.0
2631,3,0,31,359,8,5,48.0
2632,3,0,31,360,8,5,48.0
2633,0,1,31,343,9,11,54.0
2634,3,0,31,344,9,5,54.0
2635,0,0,31,345,9,9,54.0
2636,2,0,31,346,9,5,54.0
2637,0,0,31,347,9,9,54.0
2638,0,0,31,348,9,9,54.0
2639,4,0,31,349,9,5,54.0
2640,3,0,31,350,9,5,54.0
2641,0,0,31,351,9,9,54.0
2642,0,0,31,352,9,8,54.0
2643,2,0,31,353,9,6,54.0
2644,2,0,31,354,9,6,54.0
2645,1,0,31,355,9,8,54.0
2646,1,0,31,356,9,8,54.0
2647,0,0,31,357,9,8,54.0
2648,2,0,31,358,9,6,54.0
2649,2,0,31,359,9,6,54.0
2650,4,0,31,360,9,5,54.0
2723,2,0,34,415,1,5,19.7
2724,4,0,34,416,1,4,19.7
2725,4,0,34,417,1,3,19.7
2726,2,0,34,418,1,5,19.7
2727,3,0,34,419,1,5,19.7
2728,3,0,34,420,1,3,19.7
2729,3,0,34,421,1,4,19.7
2730,3,0,34,422,1,5,19.7
2731,3,0,34,423,1,3,19.7
2732,2,0,34,424,1,5,19.7
2733,2,0,34,425,1,6,19.7
2734,2,0,34,426,1,5,19.7
2735,0,0,34,427,1,6,19.7
2736,2,0,34,428,1,6,19.7
2737,3,0,34,429,1,4,19.7
2738,3,0,34,430,1,3,19.7
2739,4,0,34,431,1,5,19.7
2740,3,0,34,432,1,4,19.7
2741,3,1,34,415,2,4,6.8
2742,3,0,34,416,2,4,6.8
2743,2,0,34,417,2,4,6.8
2744,1,0,34,418,2,5,6.8
2745,2,0,34,419,2,5,6.8
2746,1,0,34,420,2,4,6.8
2747,2,0,34,421,2,5,6.8
2748,2,0,34,422,2,5,6.8
2749,2,0,34,423,2,3,6.8
2750,0,0,34,424,2,6,6.8
2751,1,0,34,425,2,6,6.8
2752,3,0,34,426,2,4,6.8
2753,2,0,34,427,2,3,6.8
2754,2,0,34,428,2,5,6.8
2755,0,0,34,429,2,6,6.8
2756,2,0,34,430,2,3,6.8
2757,3,0,34,431,2,5,6.8
2758,3,0,34,432,2,4,6.8
2759,3,0,34,415,3,5,22.7
2760,1,0,34,416,3,7,22.7
2761,2,0,34,417,3,5,22.7
2762,3,0,34,418,3,4,22.7
2763,3,0,34,419,3,5,22.7
2764,3,0,34,420,3,3,22.7
2765,0,1,34,421,3,8,22.7
2766,3,0,34,422,3,5,22.7
2767,3,0,34,423,3,3,22.7
2768,1,0,34,424,3,6,22.7
2769,2,0,34,425,3,6,22.7
2770,3,0,34,426,3,5,22.7
2771,2,0,34,427,3,4,22.7
2772,3,0,34,428,3,5,22.7
2773,3,0,34,429,3,4,22.7
2774,0,0,34,430,3,6,22.7
2775,3,0,34,431,3,6,22.7
2776,2,0,34,432,3,5,22.7
2777,2,0,34,415,4,5,15.9
2778,0,0,34,416,4,7,15.9
2779,1,0,34,417,4,6,15.9
2780,3,0,34,418,4,4,15.9
2781,1,0,34,419,4,7,15.9
2782,3,0,34,420,4,3,15.9
2783,2,0,34,421,4,5,15.9
2784,2,0,34,422,4,5,15.9
2785,1,0,34,423,4,5,15.9
2786,3,0,34,424,4,4,15.9
2787,1,0,34,425,4,7,15.9
2788,2,0,34,426,4,5,15.9
2789,3,1,34,427,4,3,15.9
2790,2,0,34,428,4,5,15.9
2791,0,0,34,429,4,7,15.9
2792,2,0,34,430,4,4,15.9
2793,2,0,34,431,4,6,15.9
2794,2,0,34,432,4,5,15.9
2795,3,0,35,469,1,4,20.1
2796,2,0,35,470,1,4,20.1
2797,3,0,35,471,1,4,20.1
2798,1,0,35,472,1,6,20.1
2799,4,0,35,473,1,4,20.1
2800,3,0,35,474,1,3,20.1
2801,3,0,35,475,1,5,20.1
2802,0,1,35,476,1,7,20.1
2803,2,0,35,477,1,5,20.1
2804,3,0,35,478,1,4,20.1
2805,1,0,35,479,1,5,20.1
2806,2,0,35,480,1,6,20.1
2807,1,0,35,481,1,6,20.1
2808,0,0,35,482,1,8,20.1
2809,3,0,35,483,1,5,20.1
2810,3,0,35,484,1,4,20.1
2811,2,0,35,485,1,4,20.1
2812,2,0,35,486,1,5,20.1
2813,1,0,35,469,4,6,15.9
2814,0,0,35,470,4,6,15.9
2815,2,0,35,471,4,4,15.9
2816,1,0,35,472,4,6,15.9
2817,1,1,35,473,4,7,15.9
2818,2,0,35,474,4,3,15.9
2819,3,0,35,475,4,5,15.9
2820,1,0,35,476,4,6,15.9
2821,2,0,35,477,4,5,15.9
2822,3,0,35,478,4,4,15.9
2823,2,0,35,479,4,4,15.9
2824,0,1,35,480,4,8,15.9
2825,1,0,35,481,4,6,15.9
2826,2,0,35,482,4,5,15.9
2827,2,0,35,483,4,5,15.9
2828,1,0,35,484,4,6,15.9
2829,1,0,35,485,4,4,15.9
2830,1,0,35,486,4,6,15.9
2831,3,0,35,469,6,5,30.7
2832,0,0,35,470,6,6,30.7
2833,3,0,35,471,6,4,30.7
2834,2,1,35,472,6,6,30.7
2835,1,0,35,473,6,8,30.7
2836,1,1,35,474,6,5,30.7
2837,2,1,35,475,6,7,30.7
2838,1,0,35,476,6,7,30.7
2839,1,1,35,477,6,7,30.7
2840,3,0,35,478,6,5,30.7
2841,3,1,35,479,6,4,30.7
2842,1,0,35,480,6,8,30.7
2843,2,0,35,481,6,6,30.7
2844,2,0,35,482,6,6,30.7
2845,1,0,35,483,6,7,30.7
2846,1,0,35,484,6,7,30.7
2847,2,1,35,485,6,4,30.7
2848,3,0,35,486,6,5,30.7
2849,2,0,35,469,7,5,22.0
2850,2,0,35,470,7,4,22.0
2851,2,0,35,471,7,5,22.0
2852,3,0,35,472,7,5,22.0
2853,1,0,35,473,7,7,22.0
2854,1,0,35,474,7,5,22.0
2855,3,0,35,475,7,5,22.0
2856,1,0,35,476,7,6,22.0
2857,0,0,35,477,7,8,22.0
2858,3,0,35,478,7,4,22.0
2859,0,0,35,479,7,6,22.0
2860,3,0,35,480,7,5,22.0
2861,1,0,35,481,7,6,22.0
2862,1,0,35,482,7,7,22.0
2863,0,0,35,483,7,8,22.0
2864,0,0,35,484,7,8,22.0
2865,3,0,35,485,7,3,22.0
2866,2,0,35,486,7,5,22.0
2975,3,0,38,487,1,4,19.1
2976,1,1,38,488,1,6,19.1
2977,2,0,38,489,1,4,19.1
2978,1,0,38,490,1,6,19.1
2979,4,0,38,491,1,4,19.1
2980,4,0,38,492,1,4,19.1
2981,0,0,38,493,1,7,19.1
2982,3,0,38,494,1,5,19.1
2983,2,0,38,495,1,4,19.1
2984,2,0,38,496,1,6,19.1
2985,1,0,38,497,1,6,19.1
2986,3,0,38,498,1,5,19.1
2987,2,0,38,499,1,6,19.1
2988,0,0,38,500,1,6,19.1
2989,2,0,38,501,1,5,19.1
2990,0,0,38,502,1,8,19.1
2991,2,0,38,503,1,4,19.1
2992,2,0,38,504,1,6,19.1
2993,2,0,38,487,4,5,15.7
2994,2,0,38,488,4,5,15.7
2995,2,0,38,489,4,4,15.7
2996,2,0,38,490,4,5,15.7
2997,1,0,38,491,4,6,15.7
2998,2,0,38,492,4,5,15.7
2999,2,0,38,493,4,5,15.7
3000,1,0,38,494,4,7,15.7
3001,2,0,38,495,4,4,15.7
3002,1,0,38,496,4,7,15.7
3003,2,0,38,497,4,5,15.7
3004,2,0,38,498,4,5,15.7
3005,3,0,38,499,4,4,15.7
3006,1,0,38,500,4,5,15.7
3007,1,0,38,501,4,6,15.7
3008,2,0,38,502,4,6,15.7
3009,3,0,38,503,4,3,15.7
3010,0,0,38,504,4,7,15.7
3011,4,0,38,487,8,5,48.0
3012,3,0,38,488,8,6,48.0
3013,4,0,38,489,8,4,48.0
3014,3,0,38,490,8,6,48.0
3015,3,0,38,491,8,6,48.0
3016,3,0,38,492,8,6,48.0
3017,3,0,38,493,8,6,48.0
3018,2,0,38,494,8,8,48.0
3019,2,0,38,495,8,6,48.0
3020,2,0,38,496,8,8,48.0
3021,4,0,38,497,8,5,48.0
3022,0,0,38,498,8,9,48.0
3023,1,0,38,499,8,9,48.0
3024,1,0,38,500,8,7,48.0
3025,3,0,38,501,8,6,48.0
3026,3,0,38,502,8,7,48.0
3027,2,0,38,503,8,6,48.0
3028,2,0,38,504,8,7,48.0
3029,2,0,39,361,4,6,15.9
3030,2,0,39,362,4,4,15.9
3031,2,0,39,363,4,5,15.9
3032,3,0,39,364,4,4,15.9
3033,2,0,39,365,4,5,15.9
3034,3,0,39,366,4,4,15.9
3035,2,0,39,367,4,5,15.9
3036,2,0,39,368,4,6,15.9
3037,2,0,39,369,4,4,15.9
3038,1,0,39,370,4,6,15.9
3039,3,0,39,371,4,5,15.9
3040,2,0,39,372,4,4,15.9
3041,3,0,39,373,4,5,15.9
3042,1,0,39,374,4,7,15.9
3043,3,0,39,375,4,3,15.9
3044,2,0,39,376,4,5,15.9
3045,1,0,39,377,4,5,15.9
3046,2,0,39,378,4,5,15.9
3047,3,0,39,361,7,5,22.0
3048,0,0,39,362,7,6,22.0
3049,3,0,39,363,7,5,22.0
3050,0,0,39,364,7,7,22.0
3051,1,0,39,365,7,7,22.0
3052,0,0,39,366,7,8,22.0
3053,0,0,39,367,7,8,22.0
3054,0,0,39,368,7,8,22.0
3055,1,0,39,369,7,5,22.0
3056,0,0,39,370,7,8,22.0
3057,1,0,39,371,7,8,22.0
3058,2,1,39,372,7,4,22.0
3059,2,0,39,373,7,6,22.0
3060,5,0,39,374,7,4,22.0
3061,1,1,39,375,7,5,22.0
3062,0,0,39,376,7,8,22.0
3063,0,0,39,377,7,8,22.0
3064,1,0,39,378,7,6,22.0
3065,0,0,39,361,9,10,54.0
3066,3,0,39,362,9,5,54.0
3067,1,0,39,363,9,9,54.0
3068,3,0,39,364,9,6,54.0
3069,0,0,39,365,9,11,54.0
3070,2,0,39,366,9,8,54.0
3071,1,1,39,367,9,8,54.0
3072,2,0,39,368,9,8,54.0
3073,2,0,39,369,9,6,54.0
3074,2,0,39,370,9,8,54.0
3075,1,0,39,371,9,10,54.0
3076,2,0,39,372,9,6,54.0
3077,2,0,39,373,9,8,54.0
3078,3,0,39,374,9,8,54.0
3079,0,0,39,375,9,8,54.0
3080,1,0,39,376,9,9,54.0
3081,0,0,39,377,9,8,54.0
3082,0,0,39,378,9,9,54.0
3083,0,0,39,361,10,8,22.0
3084,1,0,39,362,10,5,22.0
3085,3,0,39,363,10,5,22.0
3086,2,1,39,364,10,5,22.0
3087,1,0,39,365,10,7,22.0
3088,3,0,39,366,10,5,22.0
3089,0,0,39,367,10,7,22.0
3090,2,0,39,368,10,6,22.0
3091,0,0,39,369,10,6,22.0
3092,4,0,39,370,10,4,22.0
3093,1,0,39,371,10,8,22.0
3094,2,0,39,372,10,4,22.0
3095,0,0,39,373,10,9,22.0
3096,2,0,39,374,10,7,22.0
3097,0,0,39,375,10,6,22.0
3098,1,0,39,376,10,7,22.0
3099,0,0,39,377,10,6,22.0
3100,2,0,39,378,10,5,22.0
3101,1,0,40,361,1,7,20.0
3102,2,0,40,362,1,4,20.0
3103,1,0,40,363,1,7,20.0
3104,2,0,40,364,1,5,20.0
3105,1,0,40,365,1,7,20.0
3106,2,0,40,366,1,5,20.0
3107,3,0,40,367,1,4,20.0
3108,3,0,40,368,1,5,20.0
3109,3,0,40,369,1,3,20.0
3110,4,0,40,370,1,4,20.0
3111,2,0,40,371,1,7,20.0
3112,2,0,40,372,1,4,20.0
3113,3,0,40,373,1,5,20.0
3114,4,0,40,374,1,4,20.0
3115,2,0,40,375,1,4,20.0
3116,3,0,40,376,1,4,20.0
3117,1,0,40,377,1,5,20.0
3118,2,0,40,378,1,5,20.0
3119,2,0,40,361,5,5,0.7
3120,2,0,40,362,5,3,0.7
3121,2,0,40,363,5,4,0.7
3122,3,0,40,364,5,3,0.7
3123,2,0,40,365,5,4,0.7
3124,2,0,40,366,5,4,0.7
3125,2,0,40,367,5,4,0.7
3126,3,0,40,368,5,4,0.7
3127,2,0,40,369,5,3,0.7
3128,1,0,40,370,5,5,0.7
3129,2,0,40,371,5,6,0.7
3130,2,0,40,372,5,3,0.7
3131,1,0,40,373,5,6,0.7
3132,2,0,40,374,5,5,0.7
3133,3,0,40,375,5,2,0.7
3134,2,0,40,376,5,4,0.7
3135,2,0,40,377,5,3,0.7
3136,1,0,40,378,5,5,0.7
3137,3,0,40,361,6,6,30.2
3138,1,0,40,362,6,6,30.2
3139,0,0,40,363,6,8,30.2
3140,3,0,40,364,6,5,30.2
3141,2,1,40,365,6,6,30.2
3142,3,0,40,366,6,5,30.2
3143,3,0,40,367,6,5,30.2
3144,0,0,40,368,6,8,30.2
3145,3,0,40,369,6,4,30.2
3146,1,0,40,370,6,7,30.2
3147,1,0,40,371,6,8,30.2
3148,0,1,40,372,6,6,30.2
3149,2,0,40,373,6,7,30.2
3150,2,0,40,374,6,7,30.2
3151,2,0,40,375,6,5,30.2
3152,2,0,40,376,6,6,30.2
3153,0,0,40,377,6,7,30.2
3154,1,0,40,378,6,7,30.2
3155,3,0,41,343,1,4,19.1
3156,3,0,41,344,1,3,19.1
3157,1,0,41,345,1,6,19.1
3158,2,0,41,346,1,3,19.1
3159,1,0,41,347,1,6,19.1
3160,3,0,41,348,1,5,19.1
3161,3,0,41,349,1,4,19.1
3162,3,0,41,350,1,3,19.1
3163,0,0,41,351,1,7,19.1
3164,2,0,41,352,1,4,19.1
3165,2,0,41,353,1,4,19.1
3166,1,0,41,354,1,5,19.1
3167,1,0,41,355,1,6,19.1
3168,3,0,41,356,1,4,19.1
3169,2,0,41,357,1,5,19.1
3170,2,0,41,358,1,5,19.1
3171,3,0,41,359,1,3,19.1
3172,0,0,41,360,1,7,19.1
3173,0,0,41,343,4,7,15.9
3174,2,0,41,344,4,4,15.9
3175,3,0,41,345,4,4,15.9
3176,2,0,41,346,4,3,15.9
3177,0,0,41,347,4,7,15.9
3178,0,0,41,348,4,7,15.9
3179,3,0,41,349,4,4,15.9
3180,3,0,41,350,4,3,15.9
3181,1,0,41,351,4,6,15.9
3182,2,0,41,352,4,4,15.9
3183,2,0,41,353,4,4,15.9
3184,3,0,41,354,4,3,15.9
3185,2,0,41,355,4,5,15.9
3186,3,0,41,356,4,4,15.9
3187,1,0,41,357,4,5,15.9
3188,0,0,41,358,4,6,15.9
3189,2,0,41,359,4,4,15.9
3190,2,0,41,360,4,5,15.9
3191,3,0,41,343,6,4,28.3
3192,4,0,41,344,6,3,28.3
3193,1,0,41,345,6,7,28.3
3194,1,0,41,346,6,5,28.3
3195,0,0,41,347,6,8,28.3
3196,1,0,41,348,6,7,28.3
3197,3,0,41,349,6,5,28.3
3198,2,0,41,350,6,4,28.3
3199,1,0,41,351,6,6,28.3
3200,1,0,41,352,6,6,28.3
3201,2,0,41,353,6,5,28.3
3202,2,0,41,354,6,4,28.3
3203,1,0,41,355,6,7,28.3
3204,2,0,41,356,6,5,28.3
3205,2,0,41,357,6,5,28.3
3206,1,0,41,358,6,6,28.3
3207,3,0,41,359,6,4,28.3
3208,0,0,41,360,6,7,28.3
3209,1,0,41,343,8,7,39.0
3210,4,0,41,344,8,3,39.0
3211,0,0,41,345,8,8,39.0
3212,4,0,41,346,8,3,39.0
3213,0,0,41,347,8,8,39.0
3214,3,0,41,348,8,6,39.0
3215,4,0,41,349,8,4,39.0
3216,0,0,41,350,8,7,39.0
3217,0,0,41,351,8,8,39.0
3218,1,0,41,352,8,6,39.0
3219,4,0,41,353,8,4,39.0
3220,3,0,41,354,8,4,39.0
3221,1,0,41,355,8,7,39.0
3222,3,0,41,356,8,5,39.0
3223,3,0,41,357,8,5,39.0
3224,3,0,41,358,8,5,39.0
3225,3,0,41,359,8,4,39.0
3226,2,0,41,360,8,6,39.0
3227,2,0,42,487,1,5,18.5
3228,1,0,42,488,1,6,18.5
3229,2,0,42,489,1,4,18.5
3230,1,0,42,490,1,6,18.5
3231,3,0,42,491,1,4,18.5
3232,3,0,42,492,1,5,18.5
3233,2,0,42,493,1,5,18.5
3234,3,0,42,494,1,5,18.5
3235,1,0,42,495,1,5,18.5
3236,2,0,42,496,1,6,18.5
3237,3,0,42,497,1,4,18.5
3238,1,0,42,498,1,6,18.5
3239,2,0,42,499,1,6,18.5
3240,3,0,42,500,1,3,18.5
3241,1,0,42,501,1,6,18.5
3242,0,0,42,502,1,8,18.5
3243,2,0,42,503,1,4,18.5
3244,3,0,42,504,1,5,18.5
3245,4,0,42,487,4,3,14.8
3246,0,0,42,488,4,7,14.8
3247,2,0,42,489,4,3,14.8
3248,2,0,42,490,4,5,14.8
3249,2,0,42,491,4,5,14.8
3250,3,0,42,492,4,4,14.8
3251,3,0,42,493,4,4,14.8
3252,2,0,42,494,4,6,14.8
3253,2,0,42,495,4,4,14.8
3254,2,0,42,496,4,6,14.8
3255,0,0,42,497,4,7,14.8
3256,3,0,42,498,4,4,14.8
3257,3,0,42,499,4,4,14.8
3258,3,0,42,500,4,3,14.8
3259,2,0,42,501,4,5,14.8
3260,2,0,42,502,4,6,14.8
3261,1,0,42,503,4,5,14.8
3262,2,0,42,504,4,5,14.8
3299,2,0,44,307,1,5,19.1
3300,2,0,44,308,1,5,19.1
3301,2,0,44,309,1,4,19.1
3302,0,0,44,310,1,7,19.1
3303,1,0,44,311,1,7,19.1
3304,0,0,44,312,1,5,19.1
3305,1,0,44,313,1,6,19.1
3306,1,0,44,314,1,6,19.1
3307,4,0,44,315,1,4,19.1
3308,2,0,44,316,1,5,19.1
3309,0,0,44,317,1,7,19.1
3310,2,0,44,318,1,4,19.1
3311,2,1,44,319,1,5,19.1
3312,2,0,44,320,1,6,19.1
3313,0,0,44,321,1,7,19.1
3314,2,0,44,322,1,5,19.1
3315,3,0,44,323,1,3,19.1
3316,3,0,44,324,1,5,19.1
3317,1,0,44,307,4,5,15.7
3318,1,0,44,308,4,6,15.7
3319,3,0,44,309,4,3,15.7
3320,0,1,44,310,4,7,15.7
3321,2,0,44,311,4,6,15.7
3322,1,0,44,312,4,4,15.7
3323,2,0,44,313,4,5,15.7
3324,3,0,44,314,4,4,15.7
3325,3,0,44,315,4,5,15.7
3326,2,0,44,316,4,5,15.7
3327,2,0,44,317,4,4,15.7
3328,2,0,44,318,4,4,15.7
3329,4,0,44,319,4,3,15.7
3330,5,0,44,320,4,3,15.7
3331,2,0,44,321,4,5,15.7
3332,2,0,44,322,4,5,15.7
3333,1,0,44,323,4,4,15.7
3334,2,0,44,324,4,6,15.7
3335,2,0,44,307,8,6,48.0
3336,3,0,44,308,8,6,48.0
3337,4,0,44,309,8,3,48.0
3338,0,0,44,310,8,9,48.0
3339,3,0,44,311,8,7,48.0
3340,4,0,44,312,8,3,48.0
3341,1,0,44,313,8,8,48.0
3342,2,0,44,314,8,7,48.0
3343,2,0,44,315,8,8,48.0
3344,3,0,44,316,8,6,48.0
3345,2,0,44,317,8,6,48.0
3346,4,0,44,318,8,4,48.0
3347,4,0,44,319,8,5,48.0
3348,4,0,44,320,8,6,48.0
3349,3,0,44,321,8,6,48.0
3350,3,0,44,322,8,6,48.0
3351,3,0,44,323,8,4,48.0
3352,6,0,44,324,8,4,48.0
3353,2,0,45,73,1,5,18.6
3354,0,0,45,74,1,8,18.6
3355,3,0,45,75,1,3,18.6
3356,3,0,45,76,1,3,18.6
3357,1,0,45,77,1,6,18.6
3358,2,1,45,78,1,5,18.6
3359,4,0,45,79,1,4,18.6
3360,2,0,45,80,1,5,18.6
3361,3,0,45,81,1,4,18.6
3362,3,0,45,82,1,4,18.6
3363,3,0,45,83,1,4,18.6
3364,3,0,45,84,1,3,18.6
3365,2,0,45,85,1,6,18.6
3366,3,0,45,86,1,3,18.6
3367,3,0,45,87,1,6,18.6
3368,2,0,45,88,1,5,18.6
3369,3,0,45,89,1,3,18.6
3370,0,0,45,90,1,7,18.6
3371,2,0,45,73,11,5,21.4
3372,3,0,45,74,11,5,21.4
3373,2,0,45,75,11,4,21.4
3374,3,0,45,76,11,3,21.4
3375,0,0,45,77,11,7,21.4
3376,1,0,45,78,11,6,21.4
3377,1,0,45,79,11,7,21.4
3378,2,1,45,80,11,5,21.4
3379,3,0,45,81,11,5,21.4
3380,1,0,45,82,11,6,21.4
3381,2,0,45,83,11,5,21.4
3382,2,0,45,84,11,4,21.4
3383,2,0,45,85,11,7,21.4
3384,3,0,45,86,11,3,21.4
3385,2,0,45,87,11,7,21.4
3386,1,0,45,88,11,7,21.4
3387,2,0,45,89,11,4,21.4
3388,1,0,45,90,11,6,21.4
3461,1,0,47,199,1,6,18.6
3462,3,0,47,200,1,5,18.6
3463,0,1,47,201,1,6,18.6
3464,3,0,47,202,1,5,18.6
3465,3,0,47,203,1,5,18.6
3466,1,0,47,204,1,5,18.6
3467,2,0,47,205,1,6,18.6
3468,1,1,47,206,1,6,18.6
3469,1,0,47,207,1,7,18.6
3470,1,0,47,208,1,6,18.6
3471,2,0,47,209,1,5,18.6
3472,3,0,47,210,1,3,18.6
3473,4,0,47,211,1,5,18.6
3474,1,0,47,212,1,6,18.6
3475,2,0,47,213,1,4,18.6
3476,2,0,47,214,1,6,18.6
3477,0,0,47,215,1,8,18.6
3478,1,1,47,216,1,7,18.6
3479,2,0,47,199,2,4,6.2
3480,3,0,47,200,2,4,6.2
3481,2,0,47,201,2,3,6.2
3482,2,0,47,202,2,5,6.2
3483,3,0,47,203,2,4,6.2
3484,1,0,47,204,2,5,6.2
3485,2,0,47,205,2,5,6.2
3486,0,0,47,206,2,6,6.2
3487,3,0,47,207,2,4,6.2
3488,2,0,47,208,2,4,6.2
3489,0,0,47,209,2,6,6.2
3490,1,0,47,210,2,4,6.2
3491,3,0,47,211,2,5,6.2
3492,1,0,47,212,2,5,6.2
3493,2,0,47,213,2,4,6.2
3494,1,1,47,214,2,6,6.2
3495,2,0,47,215,2,5,6.2
3496,3,0,47,216,2,5,6.2
3497,3,0,47,199,4,4,15.6
3498,1,1,47,200,4,6,15.6
3499,2,0,47,201,4,4,15.6
3500,3,0,47,202,4,5,15.6
3501,2,0,47,203,4,6,15.6
3502,3,0,47,204,4,3,15.6
3503,3,0,47,205,4,5,15.6
3504,3,0,47,206,4,4,15.6
3505,3,0,47,207,4,4,15.6
3506,2,0,47,208,4,5,15.6
3507,1,1,47,209,4,6,15.6
3508,2,0,47,210,4,4,15.6
3509,3,0,47,211,4,5,15.6
3510,0,0,47,212,4,7,15.6
3511,2,0,47,213,4,4,15.6
3512,3,0,47,214,4,5,15.6
3513,1,0,47,215,4,6,15.6
3514,3,0,47,216,4,5,15.6
3515,0,0,47,199,5,6,1.1
3516,0,0,47,200,5,6,1.1
3517,1,0,47,201,5,4,1.1
3518,2,0,47,202,5,5,1.1
3519,3,0,47,203,5,4,1.1
3520,2,0,47,204,5,3,1.1
3521,2,0,47,205,5,5,1.1
3522,1,0,47,206,5,5,1.1
3523,3,0,47,207,5,3,1.1
3524,3,0,47,208,5,3,1.1
3525,1,0,47,209,5,5,1.1
3526,2,0,47,210,5,3,1.1
3527,3,1,47,211,5,5,1.1
3528,2,0,47,212,5,4,1.1
3529,2,0,47,213,5,3,1.1
3530,2,0,47,214,5,5,1.1
3531,1,0,47,215,5,5,1.1
3532,4,0,47,216,5,3,1.1
3533,3,0,48,253,1,4,18.6
3534,2,0,48,254,1,6,18.6
3535,4,0,48,255,1,3,18.6
3536,3,0,48,256,1,5,18.6
3537,1,1,48,257,1,7,18.6
3538,1,0,48,258,1,6,18.6
3539,3,0,48,259,1,5,18.6
3540,1,0,48,260,1,5,18.6
3541,2,0,48,261,1,6,18.6
3542,3,0,48,262,1,4,18.6
3543,1,1,48,263,1,6,18.6
3544,2,0,48,264,1,6,18.6
3545,3,1,48,265,1,5,18.6
3546,1,0,48,266,1,5,18.6
3547,4,0,48,267,1,4,18.6
3548,1,0,48,268,1,7,18.6
3549,1,0,48,269,1,5,18.6
3550,4,0,48,270,1,4,18.6
3551,2,0,48,253,2,4,6.2
3552,2,0,48,254,2,5,6.2
3553,2,1,48,255,2,4,6.2
3554,1,0,48,256,2,6,6.2
3555,2,0,48,257,2,6,6.2
3556,0,0,48,258,2,6,6.2
3557,3,1,48,259,2,4,6.2
3558,1,0,48,260,2,4,6.2
3559,1,1,48,261,2,6,6.2
3560,2,0,48,262,2,5,6.2
3561,1,0,48,263,2,5,6.2
3562,0,0,48,264,2,7,6.2
3563,1,0,48,265,2,6,6.2
3564,1,0,48,266,2,4,6.2
3565,0,0,48,267,2,7,6.2
3566,0,0,48,268,2,8,6.2
3567,2,1,48,269,2,3,6.2
3568,0,0,48,270,2,7,6.2
3569,2,0,48,253,4,5,15.6
3570,3,0,48,254,4,5,15.6
3571,2,0,48,255,4,4,15.6
3572,1,1,48,256,4,6,15.6
3573,3,0,48,257,4,5,15.6
3574,3,0,48,258,4,4,15.6
3575,4,0,48,259,4,4,15.6
3576,1,0,48,260,4,5,15.6
3577,2,0,48,261,4,6,15.6
3578,2,0,48,262,4,5,15.6
3579,1,0,48,263,4,6,15.6
3580,2,1,48,264,4,6,15.6
3581,2,0,48,265,4,5,15.6
3582,2,0,48,266,4,4,15.6
3583,2,0,48,267,4,5,15.6
3584,2,0,48,268,4,6,15.6
3585,1,0,48,269,4,5,15.6
3586,3,1,48,270,4,5,15.6
3587,2,0,48,253,5,4,1.1
3588,1,0,48,254,5,5,1.1
3589,1,0,48,255,5,4,1.1
3590,3,0,48,256,5,3,1.1
3591,2,0,48,257,5,5,1.1
3592,3,0,48,258,5,3,1.1
3593,2,0,48,259,5,5,1.1
3594,2,0,48,260,5,3,1.1
3595,3,0,48,261,5,4,1.1
3596,2,1,48,262,5,4,1.1
3597,2,0,48,263,5,4,1.1
3598,2,0,48,264,5,5,1.1
3599,2,0,48,265,5,4,1.1
3600,1,0,48,266,5,4,1.1
3601,2,0,48,267,5,4,1.1
3602,2,0,48,268,5,5,1.1
3603,2,0,48,269,5,3,1.1
3604,3,0,48,270,5,4,1.1
3605,0,0,49,559,1,7,18.6
3606,3,0,49,560,1,3,18.6
3607,1,1,49,561,1,6,18.6
3608,3,0,49,562,1,4,18.6
3609,3,0,49,563,1,4,18.6
3610,1,0,49,564,1,7,18.6
3611,4,0,49,565,1,3,18.6
3612,2,0,49,566,1,5,18.6
3613,3,0,49,567,1,6,18.6
3614,0,0,49,568,1,7,18.6
3615,0,0,49,569,1,8,18.6
3616,1,0,49,570,1,5,18.6
3617,4,0,49,571,1,4,18.6
3618,2,0,49,572,1,5,18.6
3619,1,0,49,573,1,7,18.6
3620,3,0,49,574,1,5,18.6
3621,3,0,49,575,1,4,18.6
3622,2,0,49,576,1,5,18.6
3623,2,0,49,559,2,4,6.2
3624,1,0,49,560,2,4,6.2
3625,2,0,49,561,2,4,6.2
3626,1,0,49,562,2,5,6.2
3627,0,0,49,563,2,7,6.2
3628,1,0,49,564,2,6,6.2
3629,3,0,49,565,2,3,6.2
3630,2,0,49,566,2,5,6.2
3631,3,0,49,567,2,5,6.2
3632,0,0,49,568,2,7,6.2
3633,1,0,49,569,2,6,6.2
3634,1,0,49,570,2,4,6.2
3635,1,0,49,571,2,6,6.2
3636,0,0,49,572,2,6,6.2
3637,3,0,49,573,2,4,6.2
3638,2,0,49,574,2,5,6.2
3639,2,0,49,575,2,4,6.2
3640,2,0,49,576,2,4,6.2
3641,2,0,49,559,4,5,15.6
3642,2,0,49,560,4,4,15.6
3643,3,0,49,561,4,4,15.6
3644,1,0,49,562,4,6,15.6
3645,1,1,49,563,4,6,15.6
3646,2,0,49,564,4,6,15.6
3647,2,0,49,565,4,4,15.6
3648,3,0,49,566,4,4,15.6
3649,3,0,49,567,4,5,15.6
3650,1,0,49,568,4,6,15.6
3651,2,0,49,569,4,6,15.6
3652,4,0,49,570,4,2,15.6
3653,1,1,49,571,4,6,15.6
3654,2,0,49,572,4,5,15.6
3655,2,0,49,573,4,6,15.6
3656,2,0,49,574,4,6,15.6
3657,2,0,49,575,4,4,15.6
3658,2,0,49,576,4,5,15.6
3659,2,0,49,559,5,4,1.1
3660,2,0,49,560,5,3,1.1
3661,2,0,49,561,5,4,1.1
3662,2,0,49,562,5,4,1.1
3663,1,0,49,563,5,5,1.1
3664,0,0,49,564,5,7,1.1
3665,2,1,49,565,5,4,1.1
3666,1,0,49,566,5,5,1.1
3667,3,0,49,567,5,4,1.1
3668,1,0,49,568,5,5,1.1
3669,2,0,49,569,5,5,1.1
3670,2,0,49,570,5,3,1.1
3671,3,0,49,571,5,3,1.1
3672,2,0,49,572,5,4,1.1
3673,1,0,49,573,5,6,1.1
3674,2,0,49,574,5,5,1.1
3675,1,0,49,575,5,4,1.1
3676,2,0,49,576,5,4,1.1
3677,2,0,50,199,1,5,18.6
3678,3,0,50,200,1,5,18.6
3679,2,0,50,201,1,4,18.6
3680,2,0,50,202,1,6,18.6
3681,3,0,50,203,1,5,18.6
3682,1,0,50,204,1,5,18.6
3683,2,0,50,205,1,6,18.6
3684,0,0,50,206,1,7,18.6
3685,3,0,50,207,1,5,18.6
3686,3,0,50,208,1,4,18.6
3687,3,0,50,209,1,4,18.6
3688,1,0,50,210,1,5,18.6
3689,3,0,50,211,1,6,18.6
3690,2,0,50,212,1,5,18.6
3691,2,0,50,213,1,4,18.6
3692,3,0,50,214,1,5,18.6
3693,4,0,50,215,1,4,18.6
3694,2,0,50,216,1,6,18.6
3695,2,0,50,199,2,4,6.2
3696,1,0,50,200,2,6,6.2
3697,2,0,50,201,2,3,6.2
3698,1,0,50,202,2,6,6.2
3699,2,0,50,203,2,5,6.2
3700,2,0,50,204,2,4,6.2
3701,2,0,50,205,2,5,6.2
3702,2,0,50,206,2,4,6.2
3703,3,0,50,207,2,4,6.2
3704,2,0,50,208,2,4,6.2
3705,3,0,50,209,2,3,6.2
3706,3,0,50,210,2,2,6.2
3707,3,0,50,211,2,5,6.2
3708,3,0,50,212,2,3,6.2
3709,1,1,50,213,2,5,6.2
3710,3,1,50,214,2,4,6.2
3711,3,1,50,215,2,4,6.2
3712,3,0,50,216,2,5,6.2
3713,3,0,50,199,4,4,15.6
3714,2,0,50,200,4,5,15.6
3715,2,0,50,201,4,4,15.6
3716,3,1,50,202,4,5,15.6
3717,3,0,50,203,4,5,15.6
3718,0,0,50,204,4,6,15.6
3719,2,0,50,205,4,6,15.6
3720,0,1,50,206,4,7,15.6
3721,3,0,50,207,4,4,15.6
3722,2,0,50,208,4,5,15.6
3723,1,1,50,209,4,6,15.6
3724,3,0,50,210,4,3,15.6
3725,2,0,50,211,4,6,15.6
3726,3,0,50,212,4,4,15.6
3727,3,0,50,213,4,3,15.6
3728,0,0,50,214,4,8,15.6
3729,2,0,50,215,4,5,15.6
3730,1,0,50,216,4,7,15.6
3731,1,0,50,199,5,5,1.1
3732,2,0,50,200,5,4,1.1
3733,2,0,50,201,5,3,1.1
3734,2,0,50,202,5,5,1.1
3735,3,0,50,203,5,4,1.1
3736,2,0,50,204,5,3,1.1
3737,3,0,50,205,5,4,1.1
3738,2,0,50,206,5,4,1.1
3739,1,0,50,207,5,5,1.1
3740,2,0,50,208,5,4,1.1
3741,2,0,50,209,5,4,1.1
3742,2,0,50,210,5,3,1.1
3743,3,0,50,211,5,5,1.1
3744,2,0,50,212,5,4,1.1
3745,2,0,50,213,5,3,1.1
3746,3,0,50,214,5,4,1.1
3747,2,0,50,215,5,4,1.1
3748,2,0,50,216,5,5,1.1
3893,2,1,53,253,1,5,18.6
3894,4,0,53,254,1,4,18.6
3895,4,0,53,255,1,3,18.6
3896,3,0,53,256,1,5,18.6
3897,2,0,53,257,1,6,18.6
3898,2,0,53,258,1,5,18.6
3899,3,0,53,259,1,5,18.6
3900,2,0,53,260,1,4,18.6
3901,1,0,53,261,1,7,18.6
3902,2,0,53,262,1,5,18.6
3903,2,0,53,263,1,5,18.6
3904,2,0,53,264,1,6,18.6
3905,2,0,53,265,1,6,18.6
3906,0,0,53,266,1,6,18.6
3907,4,0,53,267,1,4,18.6
3908,2,1,53,268,1,6,18.6
3909,3,0,53,269,1,3,18.6
3910,2,0,53,270,1,6,18.6
3911,2,0,53,253,2,4,6.2
3912,2,0,53,254,2,5,6.2
3913,3,0,53,255,2,3,6.2
3914,3,0,53,256,2,4,6.2
3915,3,0,53,257,2,5,6.2
3916,3,0,53,258,2,3,6.2
3917,3,0,53,259,2,4,6.2
3918,2,0,53,260,2,3,6.2
3919,3,0,53,261,2,4,6.2
3920,2,0,53,262,2,5,6.2
3921,2,0,53,263,2,4,6.2
3922,2,0,53,264,2,5,6.2
3923,2,0,53,265,2,5,6.2
3924,1,0,53,266,2,4,6.2
3925,3,0,53,267,2,4,6.2
3926,3,0,53,268,2,4,6.2
3927,1,1,53,269,2,4,6.2
3928,2,0,53,270,2,5,6.2
3929,2,0,53,253,4,5,15.6
3930,3,0,53,254,4,5,15.6
3931,2,0,53,255,4,4,15.6
3932,0,0,53,256,4,7,15.6
3933,2,0,53,257,4,6,15.6
3934,1,0,53,258,4,6,15.6
3935,2,0,53,259,4,6,15.6
3936,3,0,53,260,4,3,15.6
3937,2,0,53,261,4,6,15.6
3938,2,0,53,262,4,5,15.6
3939,3,0,53,263,4,4,15.6
3940,2,1,53,264,4,6,15.6
3941,2,0,53,265,4,5,15.6
3942,1,0,53,266,4,5,15.6
3943,2,0,53,267,4,5,15.6
3944,3,0,53,268,4,5,15.6
3945,2,0,53,269,4,4,15.6
3946,3,0,53,270,4,5,15.6
3947,2,0,53,253,5,4,1.1
3948,1,0,53,254,5,5,1.1
3949,0,1,53,255,5,5,1.1
3950,1,0,53,256,5,5,1.1
3951,3,0,53,257,5,4,1.1
3952,2,0,53,258,5,4,1.1
3953,2,0,53,259,5,5,1.1
3954,2,0,53,260,5,3,1.1
3955,2,0,53,261,5,5,1.1
3956,1,0,53,262,5,5,1.1
3957,3,0,53,263,5,3,1.1
3958,3,0,53,264,5,4,1.1
3959,2,0,53,265,5,4,1.1
3960,1,0,53,266,5,4,1.1
3961,3,0,53,267,5,3,1.1
3962,2,0,53,268,5,5,1.1
3963,1,0,53,269,5,4,1.1
3964,2,0,53,270,5,5,1.1
4001,1,0,55,451,1,6,19.1
4002,2,0,55,452,1,4,19.1
4003,2,0,55,453,1,5,19.1
4004,0,0,55,454,1,8,19.1
4005,0,1,55,455,1,8,19.1
4006,2,0,55,456,1,4,19.1
4007,3,0,55,457,1,5,19.1
4008,3,0,55,458,1,5,19.1
4009,0,0,55,459,1,7,19.1
4010,0,0,55,460,1,7,19.1
4011,2,0,55,461,1,4,19.1
4012,1,0,55,462,1,7,19.1
4013,0,0,55,463,1,8,19.1
4014,0,0,55,464,1,8,19.1
4015,3,0,55,465,1,5,19.1
4016,3,0,55,466,1,5,19.1
4017,1,0,55,467,1,5,19.1
4018,0,0,55,468,1,7,19.1
4019,2,0,55,451,4,5,15.9
4020,2,0,55,452,4,4,15.9
4021,3,0,55,453,4,4,15.9
4022,0,0,55,454,4,7,15.9
4023,2,0,55,455,4,6,15.9
4024,3,0,55,456,4,3,15.9
4025,1,0,55,457,4,7,15.9
4026,0,0,55,458,4,7,15.9
4027,2,0,55,459,4,5,15.9
4028,0,0,55,460,4,7,15.9
4029,2,0,55,461,4,4,15.9
4030,0,0,55,462,4,8,15.9
4031,2,0,55,463,4,5,15.9
4032,2,0,55,464,4,6,15.9
4033,3,0,55,465,4,5,15.9
4034,1,0,55,466,4,6,15.9
4035,3,0,55,467,4,3,15.9
4036,0,0,55,468,4,7,15.9
4037,1,0,55,451,6,7,28.3
4038,4,0,55,452,6,3,28.3
4039,0,0,55,453,6,7,28.3
4040,2,0,55,454,6,6,28.3
4041,2,0,55,455,6,7,28.3
4042,3,0,55,456,6,4,28.3
4043,0,0,55,457,6,9,28.3
4044,1,0,55,458,6,7,28.3
4045,3,0,55,459,6,5,28.3
4046,1,0,55,460,6,7,28.3
4047,2,1,55,461,6,5,28.3
4048,3,0,55,462,6,6,28.3
4049,0,0,55,463,6,8,28.3
4050,3,0,55,464,6,5,28.3
4051,2,0,55,465,6,7,28.3
4052,1,0,55,466,6,7,28.3
4053,1,0,55,467,6,5,28.3
4054,0,1,55,468,6,8,28.3
4055,1,0,55,451,8,8,39.0
4056,0,0,55,452,8,8,39.0
4057,1,1,55,453,8,7,39.0
4058,2,0,55,454,8,7,39.0
4059,2,0,55,455,8,8,39.0
4060,0,0,55,456,8,7,39.0
4061,2,0,55,457,8,8,39.0
4062,0,0,55,458,8,11,39.0
4063,3,0,55,459,8,5,39.0
4064,0,0,55,460,8,8,39.0
4065,4,0,55,461,8,4,39.0
4066,1,0,55,462,8,8,39.0
4067,2,0,55,463,8,7,39.0
4068,3,0,55,464,8,6,39.0
4069,2,0,55,465,8,7,39.0
4070,0,0,55,466,8,9,39.0
4071,0,0,55,467,8,7,39.0
4072,1,0,55,468,8,8,39.0
4073,2,0,56,343,1,5,18.6
4074,3,0,56,344,1,3,18.6
4075,1,0,56,345,1,6,18.6
4076,1,0,56,346,1,4,18.6
4077,0,0,56,347,1,7,18.6
4078,2,0,56,348,1,6,18.6
4079,1,0,56,349,1,6,18.6
4080,2,0,56,350,1,4,18.6
4081,2,0,56,351,1,5,18.6
4082,1,0,56,352,1,5,18.6
4083,1,0,56,353,1,5,18.6
4084,2,0,56,354,1,4,18.6
4085,3,0,56,355,1,4,18.6
4086,2,0,56,356,1,5,18.6
4087,0,0,56,357,1,7,18.6
4088,1,0,56,358,1,6,18.6
4089,3,0,56,359,1,3,18.6
4090,2,0,56,360,1,5,18.6
4091,3,0,56,343,4,4,15.8
4092,1,0,56,344,4,5,15.8
4093,3,0,56,345,4,4,15.8
4094,1,0,56,346,4,4,15.8
4095,2,0,56,347,4,5,15.8
4096,0,0,56,348,4,8,15.8
4097,1,0,56,349,4,6,15.8
4098,3,0,56,350,4,3,15.8
4099,3,0,56,351,4,4,15.8
4100,2,0,56,352,4,4,15.8
4101,3,0,56,353,4,3,15.8
4102,3,0,56,354,4,3,15.8
4103,4,0,56,355,4,3,15.8
4104,2,0,56,356,4,5,15.8
4105,0,0,56,357,4,6,15.8
4106,2,0,56,358,4,4,15.8
4107,2,0,56,359,4,4,15.8
4108,2,0,56,360,4,5,15.8
4109,1,0,56,343,6,6,28.5
4110,4,0,56,344,6,3,28.5
4111,0,0,56,345,6,8,28.5
4112,2,0,56,346,6,4,28.5
4113,2,0,56,347,6,6,28.5
4114,1,0,56,348,6,7,28.5
4115,3,0,56,349,6,5,28.5
4116,1,0,56,350,6,5,28.5
4117,2,0,56,351,6,5,28.5
4118,2,0,56,352,6,5,28.5
4119,2,0,56,353,6,5,28.5
4120,1,1,56,354,6,5,28.5
4121,2,0,56,355,6,6,28.5
4122,4,0,56,356,6,4,28.5
4123,1,0,56,357,6,6,28.5
4124,2,0,56,358,6,5,28.5
4125,3,0,56,359,6,4,28.5
4126,1,0,56,360,6,6,28.5
4127,0,0,56,343,10,8,22.0
4128,2,0,56,344,10,4,22.0
4129,0,0,56,345,10,7,22.0
4130,0,0,56,346,10,6,22.0
4131,2,0,56,347,10,6,22.0
4132,3,0,56,348,10,5,22.0
4133,3,0,56,349,10,4,22.0
4134,3,0,56,350,10,3,22.0
4135,1,0,56,351,10,6,22.0
4136,0,0,56,352,10,6,22.0
4137,2,0,56,353,10,5,22.0
4138,2,0,56,354,10,4,22.0
4139,3,0,56,355,10,4,22.0
4140,3,0,56,356,10,4,22.0
4141,2,0,56,357,10,5,22.0
4142,2,0,56,358,10,5,22.0
4143,2,0,56,359,10,4,22.0
4144,2,0,56,360,10,5,22.0
